--
-- PostgreSQL database dump
--

-- Dumped from database version 17.4
-- Dumped by pg_dump version 17.4

SET statement_timeout = 0;
SET lock_timeout = 0;
SET idle_in_transaction_session_timeout = 0;
SET transaction_timeout = 0;
SET client_encoding = 'UTF8';
SET standard_conforming_strings = on;
SELECT pg_catalog.set_config('search_path', '', false);
SET check_function_bodies = false;
SET xmloption = content;
SET client_min_messages = warning;
SET row_security = off;

SET default_tablespace = '';

SET default_table_access_method = heap;

--
-- Name: administrateur; Type: TABLE; Schema: public; Owner: postgres
--

CREATE TABLE public.administrateur (
    utilisateur_ptr_id bigint NOT NULL
);


ALTER TABLE public.administrateur OWNER TO postgres;

--
-- Name: auth_group; Type: TABLE; Schema: public; Owner: postgres
--

CREATE TABLE public.auth_group (
    id integer NOT NULL,
    name character varying(150) NOT NULL
);


ALTER TABLE public.auth_group OWNER TO postgres;

--
-- Name: auth_group_id_seq; Type: SEQUENCE; Schema: public; Owner: postgres
--

ALTER TABLE public.auth_group ALTER COLUMN id ADD GENERATED BY DEFAULT AS IDENTITY (
    SEQUENCE NAME public.auth_group_id_seq
    START WITH 1
    INCREMENT BY 1
    NO MINVALUE
    NO MAXVALUE
    CACHE 1
);


--
-- Name: auth_group_permissions; Type: TABLE; Schema: public; Owner: postgres
--

CREATE TABLE public.auth_group_permissions (
    id bigint NOT NULL,
    group_id integer NOT NULL,
    permission_id integer NOT NULL
);


ALTER TABLE public.auth_group_permissions OWNER TO postgres;

--
-- Name: auth_group_permissions_id_seq; Type: SEQUENCE; Schema: public; Owner: postgres
--

ALTER TABLE public.auth_group_permissions ALTER COLUMN id ADD GENERATED BY DEFAULT AS IDENTITY (
    SEQUENCE NAME public.auth_group_permissions_id_seq
    START WITH 1
    INCREMENT BY 1
    NO MINVALUE
    NO MAXVALUE
    CACHE 1
);


--
-- Name: auth_permission; Type: TABLE; Schema: public; Owner: postgres
--

CREATE TABLE public.auth_permission (
    id integer NOT NULL,
    name character varying(255) NOT NULL,
    content_type_id integer NOT NULL,
    codename character varying(100) NOT NULL
);


ALTER TABLE public.auth_permission OWNER TO postgres;

--
-- Name: auth_permission_id_seq; Type: SEQUENCE; Schema: public; Owner: postgres
--

ALTER TABLE public.auth_permission ALTER COLUMN id ADD GENERATED BY DEFAULT AS IDENTITY (
    SEQUENCE NAME public.auth_permission_id_seq
    START WITH 1
    INCREMENT BY 1
    NO MINVALUE
    NO MAXVALUE
    CACHE 1
);


--
-- Name: authentification; Type: TABLE; Schema: public; Owner: postgres
--

CREATE TABLE public.authentification (
    id bigint NOT NULL,
    dernier_acces timestamp with time zone NOT NULL,
    token character varying(255),
    utilisateur_id bigint NOT NULL
);


ALTER TABLE public.authentification OWNER TO postgres;

--
-- Name: authentification_id_seq; Type: SEQUENCE; Schema: public; Owner: postgres
--

ALTER TABLE public.authentification ALTER COLUMN id ADD GENERATED BY DEFAULT AS IDENTITY (
    SEQUENCE NAME public.authentification_id_seq
    START WITH 1
    INCREMENT BY 1
    NO MINVALUE
    NO MAXVALUE
    CACHE 1
);


--
-- Name: authtoken_token; Type: TABLE; Schema: public; Owner: postgres
--

CREATE TABLE public.authtoken_token (
    key character varying(40) NOT NULL,
    created timestamp with time zone NOT NULL,
    user_id bigint NOT NULL
);


ALTER TABLE public.authtoken_token OWNER TO postgres;

--
-- Name: chefServiceRestaurant; Type: TABLE; Schema: public; Owner: postgres
--

CREATE TABLE public."chefServiceRestaurant" (
    utilisateur_ptr_id bigint NOT NULL
);


ALTER TABLE public."chefServiceRestaurant" OWNER TO postgres;

--
-- Name: django_admin_log; Type: TABLE; Schema: public; Owner: postgres
--

CREATE TABLE public.django_admin_log (
    id integer NOT NULL,
    action_time timestamp with time zone NOT NULL,
    object_id text,
    object_repr character varying(200) NOT NULL,
    action_flag smallint NOT NULL,
    change_message text NOT NULL,
    content_type_id integer,
    user_id bigint NOT NULL,
    CONSTRAINT django_admin_log_action_flag_check CHECK ((action_flag >= 0))
);


ALTER TABLE public.django_admin_log OWNER TO postgres;

--
-- Name: django_admin_log_id_seq; Type: SEQUENCE; Schema: public; Owner: postgres
--

ALTER TABLE public.django_admin_log ALTER COLUMN id ADD GENERATED BY DEFAULT AS IDENTITY (
    SEQUENCE NAME public.django_admin_log_id_seq
    START WITH 1
    INCREMENT BY 1
    NO MINVALUE
    NO MAXVALUE
    CACHE 1
);


--
-- Name: django_content_type; Type: TABLE; Schema: public; Owner: postgres
--

CREATE TABLE public.django_content_type (
    id integer NOT NULL,
    app_label character varying(100) NOT NULL,
    model character varying(100) NOT NULL
);


ALTER TABLE public.django_content_type OWNER TO postgres;

--
-- Name: django_content_type_id_seq; Type: SEQUENCE; Schema: public; Owner: postgres
--

ALTER TABLE public.django_content_type ALTER COLUMN id ADD GENERATED BY DEFAULT AS IDENTITY (
    SEQUENCE NAME public.django_content_type_id_seq
    START WITH 1
    INCREMENT BY 1
    NO MINVALUE
    NO MAXVALUE
    CACHE 1
);


--
-- Name: django_migrations; Type: TABLE; Schema: public; Owner: postgres
--

CREATE TABLE public.django_migrations (
    id bigint NOT NULL,
    app character varying(255) NOT NULL,
    name character varying(255) NOT NULL,
    applied timestamp with time zone NOT NULL
);


ALTER TABLE public.django_migrations OWNER TO postgres;

--
-- Name: django_migrations_id_seq; Type: SEQUENCE; Schema: public; Owner: postgres
--

ALTER TABLE public.django_migrations ALTER COLUMN id ADD GENERATED BY DEFAULT AS IDENTITY (
    SEQUENCE NAME public.django_migrations_id_seq
    START WITH 1
    INCREMENT BY 1
    NO MINVALUE
    NO MAXVALUE
    CACHE 1
);


--
-- Name: django_session; Type: TABLE; Schema: public; Owner: postgres
--

CREATE TABLE public.django_session (
    session_key character varying(40) NOT NULL,
    session_data text NOT NULL,
    expire_date timestamp with time zone NOT NULL
);


ALTER TABLE public.django_session OWNER TO postgres;

--
-- Name: etudiant; Type: TABLE; Schema: public; Owner: postgres
--

CREATE TABLE public.etudiant (
    utilisateur_ptr_id bigint NOT NULL,
    matricule character varying(20) NOT NULL,
    solde numeric(10,2) NOT NULL,
    genre character varying(2)
);


ALTER TABLE public.etudiant OWNER TO postgres;

--
-- Name: jour; Type: TABLE; Schema: public; Owner: postgres
--

CREATE TABLE public.jour (
    id integer NOT NULL,
    "nomJour" character varying(10) NOT NULL
);


ALTER TABLE public.jour OWNER TO postgres;

--
-- Name: jour_id_seq; Type: SEQUENCE; Schema: public; Owner: postgres
--

ALTER TABLE public.jour ALTER COLUMN id ADD GENERATED BY DEFAULT AS IDENTITY (
    SEQUENCE NAME public.jour_id_seq
    START WITH 1
    INCREMENT BY 1
    NO MINVALUE
    NO MAXVALUE
    CACHE 1
);


--
-- Name: magasinier; Type: TABLE; Schema: public; Owner: postgres
--

CREATE TABLE public.magasinier (
    utilisateur_ptr_id bigint NOT NULL
);


ALTER TABLE public.magasinier OWNER TO postgres;

--
-- Name: notification; Type: TABLE; Schema: public; Owner: postgres
--

CREATE TABLE public.notification (
    id bigint NOT NULL,
    message text NOT NULL,
    date_envoi timestamp with time zone NOT NULL,
    lu boolean NOT NULL,
    utilisateur_id bigint NOT NULL
);


ALTER TABLE public.notification OWNER TO postgres;

--
-- Name: notification_id_seq; Type: SEQUENCE; Schema: public; Owner: postgres
--

ALTER TABLE public.notification ALTER COLUMN id ADD GENERATED BY DEFAULT AS IDENTITY (
    SEQUENCE NAME public.notification_id_seq
    START WITH 1
    INCREMENT BY 1
    NO MINVALUE
    NO MAXVALUE
    CACHE 1
);


--
-- Name: paiement; Type: TABLE; Schema: public; Owner: postgres
--

CREATE TABLE public.paiement (
    id integer NOT NULL,
    date timestamp with time zone NOT NULL,
    montant numeric(8,2) NOT NULL,
    mode_paiement character varying(6) NOT NULL,
    etudiant_id bigint NOT NULL
);


ALTER TABLE public.paiement OWNER TO postgres;

--
-- Name: paiement_id_seq; Type: SEQUENCE; Schema: public; Owner: postgres
--

ALTER TABLE public.paiement ALTER COLUMN id ADD GENERATED BY DEFAULT AS IDENTITY (
    SEQUENCE NAME public.paiement_id_seq
    START WITH 1
    INCREMENT BY 1
    NO MINVALUE
    NO MAXVALUE
    CACHE 1
);


--
-- Name: periode; Type: TABLE; Schema: public; Owner: postgres
--

CREATE TABLE public.periode (
    id integer NOT NULL,
    "nomPeriode" character varying(10) NOT NULL
);


ALTER TABLE public.periode OWNER TO postgres;

--
-- Name: periode_id_seq; Type: SEQUENCE; Schema: public; Owner: postgres
--

ALTER TABLE public.periode ALTER COLUMN id ADD GENERATED BY DEFAULT AS IDENTITY (
    SEQUENCE NAME public.periode_id_seq
    START WITH 1
    INCREMENT BY 1
    NO MINVALUE
    NO MAXVALUE
    CACHE 1
);


--
-- Name: recharge; Type: TABLE; Schema: public; Owner: postgres
--

CREATE TABLE public.recharge (
    id integer NOT NULL,
    montant numeric(8,2) NOT NULL,
    date timestamp with time zone NOT NULL,
    moyen character varying(20) NOT NULL,
    etudiant_id bigint NOT NULL
);


ALTER TABLE public.recharge OWNER TO postgres;

--
-- Name: recharge_id_seq; Type: SEQUENCE; Schema: public; Owner: postgres
--

ALTER TABLE public.recharge ALTER COLUMN id ADD GENERATED BY DEFAULT AS IDENTITY (
    SEQUENCE NAME public.recharge_id_seq
    START WITH 1
    INCREMENT BY 1
    NO MINVALUE
    NO MAXVALUE
    CACHE 1
);


--
-- Name: recuTicket; Type: TABLE; Schema: public; Owner: postgres
--

CREATE TABLE public."recuTicket" (
    id bigint NOT NULL,
    date_emission timestamp with time zone NOT NULL,
    montant numeric(6,2) NOT NULL,
    transaction_id bigint NOT NULL
);


ALTER TABLE public."recuTicket" OWNER TO postgres;

--
-- Name: recuTicket_id_seq; Type: SEQUENCE; Schema: public; Owner: postgres
--

ALTER TABLE public."recuTicket" ALTER COLUMN id ADD GENERATED BY DEFAULT AS IDENTITY (
    SEQUENCE NAME public."recuTicket_id_seq"
    START WITH 1
    INCREMENT BY 1
    NO MINVALUE
    NO MAXVALUE
    CACHE 1
);


--
-- Name: reservation; Type: TABLE; Schema: public; Owner: postgres
--

CREATE TABLE public.reservation (
    id bigint NOT NULL,
    date date NOT NULL,
    heure time without time zone NOT NULL,
    statut character varying(10) NOT NULL,
    jour_id integer NOT NULL,
    periode_id integer NOT NULL,
    etudiant_id bigint NOT NULL,
    reservant_pour_id bigint
);


ALTER TABLE public.reservation OWNER TO postgres;

--
-- Name: reservation_id_seq; Type: SEQUENCE; Schema: public; Owner: postgres
--

ALTER TABLE public.reservation ALTER COLUMN id ADD GENERATED BY DEFAULT AS IDENTITY (
    SEQUENCE NAME public.reservation_id_seq
    START WITH 1
    INCREMENT BY 1
    NO MINVALUE
    NO MAXVALUE
    CACHE 1
);


--
-- Name: responsableGuichet; Type: TABLE; Schema: public; Owner: postgres
--

CREATE TABLE public."responsableGuichet" (
    utilisateur_ptr_id bigint NOT NULL
);


ALTER TABLE public."responsableGuichet" OWNER TO postgres;

--
-- Name: ticket; Type: TABLE; Schema: public; Owner: postgres
--

CREATE TABLE public.ticket (
    id uuid NOT NULL,
    type_ticket character varying(5) NOT NULL,
    prix integer NOT NULL,
    date_vente timestamp with time zone NOT NULL,
    qr_code character varying(128),
    etudiant_id bigint NOT NULL,
    vendeur_id bigint NOT NULL,
    CONSTRAINT ticket_prix_check CHECK ((prix >= 0))
);


ALTER TABLE public.ticket OWNER TO postgres;

--
-- Name: token_blacklist_blacklistedtoken; Type: TABLE; Schema: public; Owner: postgres
--

CREATE TABLE public.token_blacklist_blacklistedtoken (
    id bigint NOT NULL,
    blacklisted_at timestamp with time zone NOT NULL,
    token_id bigint NOT NULL
);


ALTER TABLE public.token_blacklist_blacklistedtoken OWNER TO postgres;

--
-- Name: token_blacklist_blacklistedtoken_id_seq; Type: SEQUENCE; Schema: public; Owner: postgres
--

ALTER TABLE public.token_blacklist_blacklistedtoken ALTER COLUMN id ADD GENERATED BY DEFAULT AS IDENTITY (
    SEQUENCE NAME public.token_blacklist_blacklistedtoken_id_seq
    START WITH 1
    INCREMENT BY 1
    NO MINVALUE
    NO MAXVALUE
    CACHE 1
);


--
-- Name: token_blacklist_outstandingtoken; Type: TABLE; Schema: public; Owner: postgres
--

CREATE TABLE public.token_blacklist_outstandingtoken (
    id bigint NOT NULL,
    token text NOT NULL,
    created_at timestamp with time zone,
    expires_at timestamp with time zone NOT NULL,
    user_id bigint,
    jti character varying(255) NOT NULL
);


ALTER TABLE public.token_blacklist_outstandingtoken OWNER TO postgres;

--
-- Name: token_blacklist_outstandingtoken_id_seq; Type: SEQUENCE; Schema: public; Owner: postgres
--

ALTER TABLE public.token_blacklist_outstandingtoken ALTER COLUMN id ADD GENERATED BY DEFAULT AS IDENTITY (
    SEQUENCE NAME public.token_blacklist_outstandingtoken_id_seq
    START WITH 1
    INCREMENT BY 1
    NO MINVALUE
    NO MAXVALUE
    CACHE 1
);


--
-- Name: transaction; Type: TABLE; Schema: public; Owner: postgres
--

CREATE TABLE public.transaction (
    id bigint NOT NULL,
    date timestamp with time zone NOT NULL,
    montant numeric(8,2) NOT NULL,
    paiement_id integer NOT NULL,
    ticket_id uuid NOT NULL
);


ALTER TABLE public.transaction OWNER TO postgres;

--
-- Name: transaction_id_seq; Type: SEQUENCE; Schema: public; Owner: postgres
--

ALTER TABLE public.transaction ALTER COLUMN id ADD GENERATED BY DEFAULT AS IDENTITY (
    SEQUENCE NAME public.transaction_id_seq
    START WITH 1
    INCREMENT BY 1
    NO MINVALUE
    NO MAXVALUE
    CACHE 1
);


--
-- Name: utilisateur; Type: TABLE; Schema: public; Owner: postgres
--

CREATE TABLE public.utilisateur (
    id bigint NOT NULL,
    password character varying(128) NOT NULL,
    last_login timestamp with time zone,
    is_superuser boolean NOT NULL,
    email character varying(100) NOT NULL,
    nom character varying(50) NOT NULL,
    prenom character varying(50) NOT NULL,
    telephone character varying(20),
    role character varying(30) NOT NULL,
    is_active boolean NOT NULL,
    is_staff boolean NOT NULL,
    date_joined timestamp with time zone NOT NULL
);


ALTER TABLE public.utilisateur OWNER TO postgres;

--
-- Name: utilisateur_groups; Type: TABLE; Schema: public; Owner: postgres
--

CREATE TABLE public.utilisateur_groups (
    id bigint NOT NULL,
    utilisateur_id bigint NOT NULL,
    group_id integer NOT NULL
);


ALTER TABLE public.utilisateur_groups OWNER TO postgres;

--
-- Name: utilisateur_groups_id_seq; Type: SEQUENCE; Schema: public; Owner: postgres
--

ALTER TABLE public.utilisateur_groups ALTER COLUMN id ADD GENERATED BY DEFAULT AS IDENTITY (
    SEQUENCE NAME public.utilisateur_groups_id_seq
    START WITH 1
    INCREMENT BY 1
    NO MINVALUE
    NO MAXVALUE
    CACHE 1
);


--
-- Name: utilisateur_id_seq; Type: SEQUENCE; Schema: public; Owner: postgres
--

ALTER TABLE public.utilisateur ALTER COLUMN id ADD GENERATED BY DEFAULT AS IDENTITY (
    SEQUENCE NAME public.utilisateur_id_seq
    START WITH 1
    INCREMENT BY 1
    NO MINVALUE
    NO MAXVALUE
    CACHE 1
);


--
-- Name: utilisateur_user_permissions; Type: TABLE; Schema: public; Owner: postgres
--

CREATE TABLE public.utilisateur_user_permissions (
    id bigint NOT NULL,
    utilisateur_id bigint NOT NULL,
    permission_id integer NOT NULL
);


ALTER TABLE public.utilisateur_user_permissions OWNER TO postgres;

--
-- Name: utilisateur_user_permissions_id_seq; Type: SEQUENCE; Schema: public; Owner: postgres
--

ALTER TABLE public.utilisateur_user_permissions ALTER COLUMN id ADD GENERATED BY DEFAULT AS IDENTITY (
    SEQUENCE NAME public.utilisateur_user_permissions_id_seq
    START WITH 1
    INCREMENT BY 1
    NO MINVALUE
    NO MAXVALUE
    CACHE 1
);


--
-- Name: vendeurTicket; Type: TABLE; Schema: public; Owner: postgres
--

CREATE TABLE public."vendeurTicket" (
    utilisateur_ptr_id bigint NOT NULL
);


ALTER TABLE public."vendeurTicket" OWNER TO postgres;

--
-- Data for Name: administrateur; Type: TABLE DATA; Schema: public; Owner: postgres
--

COPY public.administrateur (utilisateur_ptr_id) FROM stdin;
\.


--
-- Data for Name: auth_group; Type: TABLE DATA; Schema: public; Owner: postgres
--

COPY public.auth_group (id, name) FROM stdin;
\.


--
-- Data for Name: auth_group_permissions; Type: TABLE DATA; Schema: public; Owner: postgres
--

COPY public.auth_group_permissions (id, group_id, permission_id) FROM stdin;
\.


--
-- Data for Name: auth_permission; Type: TABLE DATA; Schema: public; Owner: postgres
--

COPY public.auth_permission (id, name, content_type_id, codename) FROM stdin;
1	Can add log entry	1	add_logentry
2	Can change log entry	1	change_logentry
3	Can delete log entry	1	delete_logentry
4	Can view log entry	1	view_logentry
5	Can add permission	2	add_permission
6	Can change permission	2	change_permission
7	Can delete permission	2	delete_permission
8	Can view permission	2	view_permission
9	Can add group	3	add_group
10	Can change group	3	change_group
11	Can delete group	3	delete_group
12	Can view group	3	view_group
13	Can add content type	4	add_contenttype
14	Can change content type	4	change_contenttype
15	Can delete content type	4	delete_contenttype
16	Can view content type	4	view_contenttype
17	Can add session	5	add_session
18	Can change session	5	change_session
19	Can delete session	5	delete_session
20	Can view session	5	view_session
21	Can add Token	6	add_token
22	Can change Token	6	change_token
23	Can delete Token	6	delete_token
24	Can view Token	6	view_token
25	Can add Token	7	add_tokenproxy
26	Can change Token	7	change_tokenproxy
27	Can delete Token	7	delete_tokenproxy
28	Can view Token	7	view_tokenproxy
29	Can add blacklisted token	8	add_blacklistedtoken
30	Can change blacklisted token	8	change_blacklistedtoken
31	Can delete blacklisted token	8	delete_blacklistedtoken
32	Can view blacklisted token	8	view_blacklistedtoken
33	Can add outstanding token	9	add_outstandingtoken
34	Can change outstanding token	9	change_outstandingtoken
35	Can delete outstanding token	9	delete_outstandingtoken
36	Can view outstanding token	9	view_outstandingtoken
37	Can add Utilisateur	10	add_utilisateur
38	Can change Utilisateur	10	change_utilisateur
39	Can delete Utilisateur	10	delete_utilisateur
40	Can view Utilisateur	10	view_utilisateur
41	Can add jour	11	add_jour
42	Can change jour	11	change_jour
43	Can delete jour	11	delete_jour
44	Can view jour	11	view_jour
45	Can add paiement	12	add_paiement
46	Can change paiement	12	change_paiement
47	Can delete paiement	12	delete_paiement
48	Can view paiement	12	view_paiement
49	Can add periode	13	add_periode
50	Can change periode	13	change_periode
51	Can delete periode	13	delete_periode
52	Can view periode	13	view_periode
53	Can add ticket	14	add_ticket
54	Can change ticket	14	change_ticket
55	Can delete ticket	14	delete_ticket
56	Can view ticket	14	view_ticket
57	Can add administrateur	15	add_administrateur
58	Can change administrateur	15	change_administrateur
59	Can delete administrateur	15	delete_administrateur
60	Can view administrateur	15	view_administrateur
61	Can add chef service restaurant	16	add_chefservicerestaurant
62	Can change chef service restaurant	16	change_chefservicerestaurant
63	Can delete chef service restaurant	16	delete_chefservicerestaurant
64	Can view chef service restaurant	16	view_chefservicerestaurant
65	Can add Étudiant	17	add_etudiant
66	Can change Étudiant	17	change_etudiant
67	Can delete Étudiant	17	delete_etudiant
68	Can view Étudiant	17	view_etudiant
69	Can add magasinier	18	add_magasinier
70	Can change magasinier	18	change_magasinier
71	Can delete magasinier	18	delete_magasinier
72	Can view magasinier	18	view_magasinier
73	Can add responsable guichet	19	add_responsableguichet
74	Can change responsable guichet	19	change_responsableguichet
75	Can delete responsable guichet	19	delete_responsableguichet
76	Can view responsable guichet	19	view_responsableguichet
77	Can add vendeur ticket	20	add_vendeurticket
78	Can change vendeur ticket	20	change_vendeurticket
79	Can delete vendeur ticket	20	delete_vendeurticket
80	Can view vendeur ticket	20	view_vendeurticket
81	Can add authentification	21	add_authentification
82	Can change authentification	21	change_authentification
83	Can delete authentification	21	delete_authentification
84	Can view authentification	21	view_authentification
85	Can add notification	22	add_notification
86	Can change notification	22	change_notification
87	Can delete notification	22	delete_notification
88	Can view notification	22	view_notification
89	Can add transaction	23	add_transaction
90	Can change transaction	23	change_transaction
91	Can delete transaction	23	delete_transaction
92	Can view transaction	23	view_transaction
93	Can add recu ticket	24	add_recuticket
94	Can change recu ticket	24	change_recuticket
95	Can delete recu ticket	24	delete_recuticket
96	Can view recu ticket	24	view_recuticket
97	Can add recharge	25	add_recharge
98	Can change recharge	25	change_recharge
99	Can delete recharge	25	delete_recharge
100	Can view recharge	25	view_recharge
101	Can add reservation	26	add_reservation
102	Can change reservation	26	change_reservation
103	Can delete reservation	26	delete_reservation
104	Can view reservation	26	view_reservation
\.


--
-- Data for Name: authentification; Type: TABLE DATA; Schema: public; Owner: postgres
--

COPY public.authentification (id, dernier_acces, token, utilisateur_id) FROM stdin;
\.


--
-- Data for Name: authtoken_token; Type: TABLE DATA; Schema: public; Owner: postgres
--

COPY public.authtoken_token (key, created, user_id) FROM stdin;
\.


--
-- Data for Name: chefServiceRestaurant; Type: TABLE DATA; Schema: public; Owner: postgres
--

COPY public."chefServiceRestaurant" (utilisateur_ptr_id) FROM stdin;
\.


--
-- Data for Name: django_admin_log; Type: TABLE DATA; Schema: public; Owner: postgres
--

COPY public.django_admin_log (id, action_time, object_id, object_repr, action_flag, change_message, content_type_id, user_id) FROM stdin;
1	2025-05-27 02:09:57.835168+02	1	Jour object (1)	1	[{"added": {}}]	11	4
2	2025-05-27 02:10:06.269412+02	2	Jour object (2)	1	[{"added": {}}]	11	4
3	2025-05-27 02:10:14.577579+02	3	Jour object (3)	1	[{"added": {}}]	11	4
4	2025-05-27 02:10:31.584247+02	4	Jour object (4)	1	[{"added": {}}]	11	4
5	2025-05-27 02:10:43.502489+02	5	Jour object (5)	1	[{"added": {}}]	11	4
6	2025-05-27 02:10:50.025707+02	6	Jour object (6)	1	[{"added": {}}]	11	4
7	2025-05-27 02:10:56.69894+02	7	Jour object (7)	1	[{"added": {}}]	11	4
8	2025-05-27 02:13:44.726013+02	8	Jour object (8)	1	[{"added": {}}]	11	4
9	2025-05-27 02:13:50.455974+02	9	Jour object (9)	1	[{"added": {}}]	11	4
10	2025-05-27 02:13:57.596792+02	10	Jour object (10)	1	[{"added": {}}]	11	4
11	2025-05-27 02:14:40.630811+02	10	Jour object (10)	3		11	4
12	2025-05-27 02:14:40.630811+02	9	Jour object (9)	3		11	4
13	2025-05-27 02:14:40.630811+02	8	Jour object (8)	3		11	4
14	2025-05-27 02:15:09.417054+02	1	Periode object (1)	1	[{"added": {}}]	13	4
15	2025-05-27 02:15:15.838674+02	2	Periode object (2)	1	[{"added": {}}]	13	4
16	2025-05-27 02:15:22.774225+02	3	Periode object (3)	1	[{"added": {}}]	13	4
17	2025-06-12 23:04:23.364405+02	2	Resa#2 pour EM2023001 le Vendredi (petitDej)	1	[{"added": {}}]	26	4
18	2025-06-12 23:05:44.210171+02	3	Resa#3 pour EM2023002 le Vendredi (Dej)	1	[{"added": {}}]	26	4
\.


--
-- Data for Name: django_content_type; Type: TABLE DATA; Schema: public; Owner: postgres
--

COPY public.django_content_type (id, app_label, model) FROM stdin;
1	admin	logentry
2	auth	permission
3	auth	group
4	contenttypes	contenttype
5	sessions	session
6	authtoken	token
7	authtoken	tokenproxy
8	token_blacklist	blacklistedtoken
9	token_blacklist	outstandingtoken
10	monapp	utilisateur
11	monapp	jour
12	monapp	paiement
13	monapp	periode
14	monapp	ticket
15	monapp	administrateur
16	monapp	chefservicerestaurant
17	monapp	etudiant
18	monapp	magasinier
19	monapp	responsableguichet
20	monapp	vendeurticket
21	monapp	authentification
22	monapp	notification
23	monapp	transaction
24	monapp	recuticket
25	monapp	recharge
26	monapp	reservation
\.


--
-- Data for Name: django_migrations; Type: TABLE DATA; Schema: public; Owner: postgres
--

COPY public.django_migrations (id, app, name, applied) FROM stdin;
1	contenttypes	0001_initial	2025-05-17 01:18:49.015466+02
2	contenttypes	0002_remove_content_type_name	2025-05-17 01:18:49.094468+02
3	auth	0001_initial	2025-05-17 01:18:49.331605+02
4	auth	0002_alter_permission_name_max_length	2025-05-17 01:18:49.401617+02
5	auth	0003_alter_user_email_max_length	2025-05-17 01:18:49.421609+02
6	auth	0004_alter_user_username_opts	2025-05-17 01:18:49.443611+02
7	auth	0005_alter_user_last_login_null	2025-05-17 01:18:49.470614+02
8	auth	0006_require_contenttypes_0002	2025-05-17 01:18:49.478611+02
9	auth	0007_alter_validators_add_error_messages	2025-05-17 01:18:49.499609+02
10	auth	0008_alter_user_username_max_length	2025-05-17 01:18:49.526612+02
11	auth	0009_alter_user_last_name_max_length	2025-05-17 01:18:49.553613+02
12	auth	0010_alter_group_name_max_length	2025-05-17 01:18:49.736606+02
13	auth	0011_update_proxy_permissions	2025-05-17 01:18:49.777612+02
14	auth	0012_alter_user_first_name_max_length	2025-05-17 01:18:49.820608+02
15	monapp	0001_initial	2025-05-17 01:18:51.14961+02
16	admin	0001_initial	2025-05-17 01:18:51.270607+02
17	admin	0002_logentry_remove_auto_add	2025-05-17 01:18:51.304606+02
18	admin	0003_logentry_add_action_flag_choices	2025-05-17 01:18:51.354605+02
19	authtoken	0001_initial	2025-05-17 01:18:51.473608+02
20	authtoken	0002_auto_20160226_1747	2025-05-17 01:18:51.673605+02
21	authtoken	0003_tokenproxy	2025-05-17 01:18:51.817855+02
22	authtoken	0004_alter_tokenproxy_options	2025-05-17 01:18:51.843847+02
23	sessions	0001_initial	2025-05-17 01:18:51.905836+02
24	token_blacklist	0001_initial	2025-05-17 01:18:52.097837+02
25	token_blacklist	0002_outstandingtoken_jti_hex	2025-05-17 01:18:52.211834+02
26	token_blacklist	0003_auto_20171017_2007	2025-05-17 01:18:52.284839+02
27	token_blacklist	0004_auto_20171017_2013	2025-05-17 01:18:52.336833+02
28	token_blacklist	0005_remove_outstandingtoken_jti	2025-05-17 01:18:52.400839+02
29	token_blacklist	0006_auto_20171017_2113	2025-05-17 01:18:52.462835+02
30	token_blacklist	0007_auto_20171017_2214	2025-05-17 01:18:52.631832+02
31	token_blacklist	0008_migrate_to_bigautofield	2025-05-17 01:18:52.855839+02
32	token_blacklist	0010_fix_migrate_to_bigautofield	2025-05-17 01:18:53.010832+02
33	token_blacklist	0011_linearizes_history	2025-05-17 01:18:53.016835+02
34	token_blacklist	0012_alter_outstandingtoken_user	2025-05-17 01:18:53.100837+02
35	monapp	0002_remove_utilisateur_mot_de_passe_etudiant_genre	2025-05-24 17:58:00.257577+02
36	monapp	0003_alter_paiement_options_and_more	2025-05-25 10:47:46.571918+02
\.


--
-- Data for Name: django_session; Type: TABLE DATA; Schema: public; Owner: postgres
--

COPY public.django_session (session_key, session_data, expire_date) FROM stdin;
hu208esqlowiuggziugw183p02mnxcxi	.eJxVjEEOwiAQRe_C2pACUyou3fcMZIYZpWogKe3KeHfbpAvdvvf-f6uI65Lj2mSOE6uLAnX6ZYTpKWUX_MByrzrVsswT6T3Rh216rCyv69H-HWRseVsj-jAAMCcBxw46Rx0xsWPurXhzFkxBwuCT2fCtZ7IWHAbwLngyqD5fCp04uA:1uJhs8:ok3_2D4xeSHfdXFn-n8abJRxKeWKgsX-61O-RlbxBn0	2025-06-10 02:08:48.79829+02
hjlcbseet2vszjq46mqs6c9bb8jiu2ey	.eJxVjEEOwiAQRe_C2pACUyou3fcMZIYZpWogKe3KeHfbpAvdvvf-f6uI65Lj2mSOE6uLAnX6ZYTpKWUX_MByrzrVsswT6T3Rh216rCyv69H-HWRseVsj-jAAMCcBxw46Rx0xsWPurXhzFkxBwuCT2fCtZ7IWHAbwLngyqD5fCp04uA:1uPoxp:1t3JDmzfEVPrMLjBl1t_Y5imx15qrRjqRNEG0RgJbKk	2025-06-26 22:55:57.731937+02
\.


--
-- Data for Name: etudiant; Type: TABLE DATA; Schema: public; Owner: postgres
--

COPY public.etudiant (utilisateur_ptr_id, matricule, solde, genre) FROM stdin;
5	EM2023001	0.00	F
6	EM2023002	0.00	M
7	EM2023003	0.00	F
\.


--
-- Data for Name: jour; Type: TABLE DATA; Schema: public; Owner: postgres
--

COPY public.jour (id, "nomJour") FROM stdin;
1	Lundi
2	Mardi
3	Mercredi
4	Jeudi
5	Vendredi
6	Samedi
7	Dimanche
\.


--
-- Data for Name: magasinier; Type: TABLE DATA; Schema: public; Owner: postgres
--

COPY public.magasinier (utilisateur_ptr_id) FROM stdin;
\.


--
-- Data for Name: notification; Type: TABLE DATA; Schema: public; Owner: postgres
--

COPY public.notification (id, message, date_envoi, lu, utilisateur_id) FROM stdin;
\.


--
-- Data for Name: paiement; Type: TABLE DATA; Schema: public; Owner: postgres
--

COPY public.paiement (id, date, montant, mode_paiement, etudiant_id) FROM stdin;
\.


--
-- Data for Name: periode; Type: TABLE DATA; Schema: public; Owner: postgres
--

COPY public.periode (id, "nomPeriode") FROM stdin;
1	petitDej
2	Dej
3	Diner
\.


--
-- Data for Name: recharge; Type: TABLE DATA; Schema: public; Owner: postgres
--

COPY public.recharge (id, montant, date, moyen, etudiant_id) FROM stdin;
\.


--
-- Data for Name: recuTicket; Type: TABLE DATA; Schema: public; Owner: postgres
--

COPY public."recuTicket" (id, date_emission, montant, transaction_id) FROM stdin;
\.


--
-- Data for Name: reservation; Type: TABLE DATA; Schema: public; Owner: postgres
--

COPY public.reservation (id, date, heure, statut, jour_id, periode_id, etudiant_id, reservant_pour_id) FROM stdin;
2	2025-06-12	20:56:30	VALIDE	5	1	5	5
3	2025-06-12	21:04:23	VALIDE	5	2	6	\N
\.


--
-- Data for Name: responsableGuichet; Type: TABLE DATA; Schema: public; Owner: postgres
--

COPY public."responsableGuichet" (utilisateur_ptr_id) FROM stdin;
\.


--
-- Data for Name: ticket; Type: TABLE DATA; Schema: public; Owner: postgres
--

COPY public.ticket (id, type_ticket, prix, date_vente, qr_code, etudiant_id, vendeur_id) FROM stdin;
\.


--
-- Data for Name: token_blacklist_blacklistedtoken; Type: TABLE DATA; Schema: public; Owner: postgres
--

COPY public.token_blacklist_blacklistedtoken (id, blacklisted_at, token_id) FROM stdin;
1	2025-05-25 09:51:33.020169+02	14
2	2025-05-26 16:17:16.907326+02	18
3	2025-05-29 15:40:33.140363+02	33
4	2025-06-10 10:23:06.873099+02	36
5	2025-06-11 23:05:11.28364+02	40
6	2025-06-12 23:39:06.868434+02	47
7	2025-06-13 01:11:36.103762+02	49
\.


--
-- Data for Name: token_blacklist_outstandingtoken; Type: TABLE DATA; Schema: public; Owner: postgres
--

COPY public.token_blacklist_outstandingtoken (id, token, created_at, expires_at, user_id, jti) FROM stdin;
1	eyJhbGciOiJIUzI1NiIsInR5cCI6IkpXVCJ9.eyJ0b2tlbl90eXBlIjoicmVmcmVzaCIsImV4cCI6MTc0ODA4MzQ2MywiaWF0IjoxNzQ3OTk3MDYzLCJqdGkiOiI3ZGVmNTkyNjE4MTk0YjZjYTEzYWM1M2VhYTkyMTliOCIsInVzZXJfaWQiOjF9.VNhntenvyssiPhvuJsCR_SbxkkwEz4oNyFpNcw99HWc	2025-05-23 12:44:23.873056+02	2025-05-24 12:44:23+02	1	7def592618194b6ca13ac53eaa9219b8
2	eyJhbGciOiJIUzI1NiIsInR5cCI6IkpXVCJ9.eyJ0b2tlbl90eXBlIjoicmVmcmVzaCIsImV4cCI6MTc0ODA4Mzc1NiwiaWF0IjoxNzQ3OTk3MzU2LCJqdGkiOiJhZWM5MDFkYzQ1NGY0Zjc1OGM2ZWJhMTA0NWYzZDFhNiIsInVzZXJfaWQiOjJ9.QQFbU6M7QIWVzW6GW2HSJ5gVmeHz0JIqZTiKjsQg2-4	2025-05-23 12:49:16.411129+02	2025-05-24 12:49:16+02	2	aec901dc454f4f758c6eba1045f3d1a6
3	eyJhbGciOiJIUzI1NiIsInR5cCI6IkpXVCJ9.eyJ0b2tlbl90eXBlIjoicmVmcmVzaCIsImV4cCI6MTc0ODA4NTA1NCwiaWF0IjoxNzQ3OTk4NjU0LCJqdGkiOiIzYTRlZDdmMjQ1NWU0NjMyOWNhYTM1ZGRkMGNiMWIwOCIsInVzZXJfaWQiOjJ9.6DD1C8rZaUBE7YDn8xZaPr1sp7iMnICnWAJ_raxYmPc	2025-05-23 13:10:54.556507+02	2025-05-24 13:10:54+02	2	3a4ed7f2455e46329caa35ddd0cb1b08
4	eyJhbGciOiJIUzI1NiIsInR5cCI6IkpXVCJ9.eyJ0b2tlbl90eXBlIjoicmVmcmVzaCIsImV4cCI6MTc0ODE2MzEwOCwiaWF0IjoxNzQ4MDc2NzA4LCJqdGkiOiJmMTgzNDJkN2JlNjY0MTkwOTBhOTU2MjJlYzIwMDQ4MCIsInVzZXJfaWQiOjJ9.YG8l9jBfLZP10TAyVZNIqbZns3uF7ECAiQHdPz70vHc	2025-05-24 10:51:48.724682+02	2025-05-25 10:51:48+02	2	f18342d7be66419090a95622ec200480
5	eyJhbGciOiJIUzI1NiIsInR5cCI6IkpXVCJ9.eyJ0b2tlbl90eXBlIjoicmVmcmVzaCIsImV4cCI6MTc0ODE5NTE5MywiaWF0IjoxNzQ4MTA4NzkzLCJqdGkiOiI5ZmE3ZjdhMDg2MTA0M2FiOGJmOTM5NzcyZGFjMjg1NyIsInVzZXJfaWQiOjJ9._6TjJ_NumS_ZpvmSCM8Qt63ia4Trjz_SoGiene_FmPY	2025-05-24 19:46:33.526561+02	2025-05-25 19:46:33+02	2	9fa7f7a0861043ab8bf939772dac2857
6	eyJhbGciOiJIUzI1NiIsInR5cCI6IkpXVCJ9.eyJ0b2tlbl90eXBlIjoicmVmcmVzaCIsImV4cCI6MTc0ODE5NTIwMywiaWF0IjoxNzQ4MTA4ODAzLCJqdGkiOiIwNzJiZmQwOTMzNDU0MmQ3OWRiMmJjMGVlOTEzMzA4NSIsInVzZXJfaWQiOjJ9.Nshs2renocukEToYmzqd6hcg9Lwt9bQeoDo1pkckt-4	2025-05-24 19:46:43.353166+02	2025-05-25 19:46:43+02	2	072bfd09334542d79db2bc0ee9133085
7	eyJhbGciOiJIUzI1NiIsInR5cCI6IkpXVCJ9.eyJ0b2tlbl90eXBlIjoicmVmcmVzaCIsImV4cCI6MTc0ODE5NTIwMywiaWF0IjoxNzQ4MTA4ODAzLCJqdGkiOiI1YWUxNTViOTFkNjg0ODk3Yjk1NDBhZWUzYjhhNDQ5MiIsInVzZXJfaWQiOjJ9.2QLg5i4ogyV06A5lkYa1QQXtwSZqtP73h2wFDorQIew	2025-05-24 19:46:43.505159+02	2025-05-25 19:46:43+02	2	5ae155b91d684897b9540aee3b8a4492
8	eyJhbGciOiJIUzI1NiIsInR5cCI6IkpXVCJ9.eyJ0b2tlbl90eXBlIjoicmVmcmVzaCIsImV4cCI6MTc0ODE5NTg0MCwiaWF0IjoxNzQ4MTA5NDQwLCJqdGkiOiIyMTI3ZjQwMzY2YTg0ODdlYjMyZDQ3ZTE4YTczYjE2ZCIsInVzZXJfaWQiOjJ9.SUXXmONTsF_YxDkU-s8vvhpd-ebsO1skpZ-Fe3zayt8	2025-05-24 19:57:20.703162+02	2025-05-25 19:57:20+02	2	2127f40366a8487eb32d47e18a73b16d
9	eyJhbGciOiJIUzI1NiIsInR5cCI6IkpXVCJ9.eyJ0b2tlbl90eXBlIjoicmVmcmVzaCIsImV4cCI6MTc0ODIwMDk0MCwiaWF0IjoxNzQ4MTE0NTQwLCJqdGkiOiIyNjM3NzI5M2NlNzc0ZDQyOTYzNmQ5MTdkNjg1MjM0ZSIsInVzZXJfaWQiOjN9.1bRD3WBvHFA89f3vgstB2YExcJFsZvAzw_3xgKJlauA	2025-05-24 21:22:20.210542+02	2025-05-25 21:22:20+02	3	26377293ce774d429636d917d685234e
10	eyJhbGciOiJIUzI1NiIsInR5cCI6IkpXVCJ9.eyJ0b2tlbl90eXBlIjoicmVmcmVzaCIsImV4cCI6MTc0ODIwNTAyMSwiaWF0IjoxNzQ4MTE4NjIxLCJqdGkiOiIyZWRkMmUyYTVkOWM0YTE0YTgyY2I0NmY1OWJiOWY1NyIsInVzZXJfaWQiOjR9.7RKXvCOnxcFofvtsTJM9wQJEzxAsP74UjqZzmOXrYMY	2025-05-24 22:30:21.980021+02	2025-05-25 22:30:21+02	4	2edd2e2a5d9c4a14a82cb46f59bb9f57
11	eyJhbGciOiJIUzI1NiIsInR5cCI6IkpXVCJ9.eyJ0b2tlbl90eXBlIjoicmVmcmVzaCIsImV4cCI6MTc0ODIwNjMxMCwiaWF0IjoxNzQ4MTE5OTEwLCJqdGkiOiJkY2FmY2M4OTc2ODg0MzVkYmM0YTRlYzFkM2Q1ODhiNyIsInVzZXJfaWQiOjR9.OGzE0XyKnHbqkd-CyjliPo4atMAF_iwrlIR42As_jrc	2025-05-24 22:51:50.11249+02	2025-05-25 22:51:50+02	4	dcafcc897688435dbc4a4ec1d3d588b7
12	eyJhbGciOiJIUzI1NiIsInR5cCI6IkpXVCJ9.eyJ0b2tlbl90eXBlIjoicmVmcmVzaCIsImV4cCI6MTc0ODIwNzAzNywiaWF0IjoxNzQ4MTIwNjM3LCJqdGkiOiI4MWRhYWIwMmIzMDk0ZGE3YjliN2FlODNhMjRiNDQ1ZiIsInVzZXJfaWQiOjR9.5AEufcj5tvIYl1SP7LUHuVVXuvgFI1TwW7Mwqpd5tHk	2025-05-24 23:03:57.433695+02	2025-05-25 23:03:57+02	4	81daab02b3094da7b9b7ae83a24b445f
13	eyJhbGciOiJIUzI1NiIsInR5cCI6IkpXVCJ9.eyJ0b2tlbl90eXBlIjoicmVmcmVzaCIsImV4cCI6MTc0ODIxOTAxMywiaWF0IjoxNzQ4MTMyNjEzLCJqdGkiOiIwOTY4NmE2MTc2YWE0N2VhYjk1Njc3N2M0ZmY3NjU2MCIsInVzZXJfaWQiOjN9.HKoPrftRRIkkoNB_snqF_Uhmq3DSY3sThWEiv97OGQE	2025-05-25 02:23:33.173332+02	2025-05-26 02:23:33+02	3	09686a6176aa47eab956777c4ff76560
14	eyJhbGciOiJIUzI1NiIsInR5cCI6IkpXVCJ9.eyJ0b2tlbl90eXBlIjoicmVmcmVzaCIsImV4cCI6MTc0ODIyMzE5MywiaWF0IjoxNzQ4MTM2NzkzLCJqdGkiOiI3MjJmODk0MTIzMTE0NjUwYjc0OGFlYmQ0NzQzYjVlNCIsInVzZXJfaWQiOjN9.IxWx4RtT-eqYnd0svIMW26Zf7-W_Ko7Lomr4NgJL8Ko	2025-05-25 03:33:13.047902+02	2025-05-26 03:33:13+02	3	722f894123114650b748aebd4743b5e4
15	eyJhbGciOiJIUzI1NiIsInR5cCI6IkpXVCJ9.eyJ0b2tlbl90eXBlIjoicmVmcmVzaCIsImV4cCI6MTc0ODI0NTg4NywiaWF0IjoxNzQ4MTU5NDg3LCJqdGkiOiJjNjQ5NzE2ZmU5ZTU0OWY0YmJlYTg1ODE3ZWQ3ZGJkYSIsInVzZXJfaWQiOjN9.L1hY4HZBfzKs5DgTgz57NwtkiadPKRNYKnwj-U5zEvQ	2025-05-25 09:51:27.478479+02	2025-05-26 09:51:27+02	3	c649716fe9e549f4bbea85817ed7dbda
16	eyJhbGciOiJIUzI1NiIsInR5cCI6IkpXVCJ9.eyJ0b2tlbl90eXBlIjoicmVmcmVzaCIsImV4cCI6MTc0ODI3NjUzMiwiaWF0IjoxNzQ4MTkwMTMyLCJqdGkiOiIwMWYyNzE3ZmM3MTY0YWMzOTJjMGRhOGM4MjQ0OGVkOSIsInVzZXJfaWQiOjN9.9uj7iNFDqNc-oNENqm_h2sNKs8LlXQ22KSbqP5NGcKw	2025-05-25 18:22:12.977711+02	2025-05-26 18:22:12+02	3	01f2717fc7164ac392c0da8c82448ed9
17	eyJhbGciOiJIUzI1NiIsInR5cCI6IkpXVCJ9.eyJ0b2tlbl90eXBlIjoicmVmcmVzaCIsImV4cCI6MTc0ODMwMDk3MywiaWF0IjoxNzQ4MjE0NTczLCJqdGkiOiIzZmVhZDNlMzBkZDg0MTc3YTc0ZWE2ZGU4M2U5ZGI4MiIsInVzZXJfaWQiOjN9.PQFG-_zoWVnngooW3dkE3d3dX0iJXoeBcWe8W12A4UM	2025-05-26 01:09:33.312886+02	2025-05-27 01:09:33+02	3	3fead3e30dd84177a74ea6de83e9db82
18	eyJhbGciOiJIUzI1NiIsInR5cCI6IkpXVCJ9.eyJ0b2tlbl90eXBlIjoicmVmcmVzaCIsImV4cCI6MTc0ODMwMDk4MywiaWF0IjoxNzQ4MjE0NTgzLCJqdGkiOiIzYzlhYjAzMDYyYzA0MWYzYjQ4ZGQwZWI2Yjc3NTNiOSIsInVzZXJfaWQiOjN9.p_VS2Bo0tf_B6kwfzcJvPQXEpxcKGaiXSEhexVxTSQc	2025-05-26 01:09:43.535398+02	2025-05-27 01:09:43+02	3	3c9ab03062c041f3b48dd0eb6b7753b9
19	eyJhbGciOiJIUzI1NiIsInR5cCI6IkpXVCJ9.eyJ0b2tlbl90eXBlIjoicmVmcmVzaCIsImV4cCI6MTc0ODM1NTQzNCwiaWF0IjoxNzQ4MjY5MDM0LCJqdGkiOiJlYjhlYWNkNjdkNjc0YjQ4OTIyMzUxM2QzYTY0NmU0NyIsInVzZXJfaWQiOjN9.scGcpXjUB9OuMelMLhZ3eYlPVhSJolxjW4imCqAqI_Q	2025-05-26 16:17:14.385883+02	2025-05-27 16:17:14+02	3	eb8eacd67d674b489223513d3a646e47
20	eyJhbGciOiJIUzI1NiIsInR5cCI6IkpXVCJ9.eyJ0b2tlbl90eXBlIjoicmVmcmVzaCIsImV4cCI6MTc0ODM5MjExOSwiaWF0IjoxNzQ4MzA1NzE5LCJqdGkiOiJkODBlNTVhYWUzOWE0NjQ5ODljMzE4NDYyNmIzYTlmZiIsInVzZXJfaWQiOjR9.lwsErBazvgKT4Y6VX4o3G341sRt6pz8oFdanOXJ2yqM	2025-05-27 02:28:39.77112+02	2025-05-28 02:28:39+02	4	d80e55aae39a464989c3184626b3a9ff
21	eyJhbGciOiJIUzI1NiIsInR5cCI6IkpXVCJ9.eyJ0b2tlbl90eXBlIjoicmVmcmVzaCIsImV4cCI6MTc0ODQ2MzQxOSwiaWF0IjoxNzQ4Mzc3MDE5LCJqdGkiOiI1NTZhNmRhZGQ3MjM0ZjUyOTQ1MzMwZWVhZGRmYjk2ZCIsInVzZXJfaWQiOjN9.zoZCP6SXO0wHZL5l1Zktaz3Xc5fSUQNMsHmZRqBzgfE	2025-05-27 22:16:59.554147+02	2025-05-28 22:16:59+02	3	556a6dadd7234f52945330eeaddfb96d
22	eyJhbGciOiJIUzI1NiIsInR5cCI6IkpXVCJ9.eyJ0b2tlbl90eXBlIjoicmVmcmVzaCIsImV4cCI6MTc0ODQ3ODMyMSwiaWF0IjoxNzQ4MzkxOTIxLCJqdGkiOiIzODYxNWYyOTZiM2U0MWI1YjgxMDg4NzVkNTNkMDE2OSIsInVzZXJfaWQiOjN9.t8OBL9A3p87kqbT60PDeFGAMwhu39IeS7ctmi5VdpFo	2025-05-28 02:25:21.749107+02	2025-05-29 02:25:21+02	3	38615f296b3e41b5b8108875d53d0169
23	eyJhbGciOiJIUzI1NiIsInR5cCI6IkpXVCJ9.eyJ0b2tlbl90eXBlIjoicmVmcmVzaCIsImV4cCI6MTc0ODQ3ODM1NCwiaWF0IjoxNzQ4MzkxOTU0LCJqdGkiOiIwNmYyODdiZmI3Y2Q0MDUzYTAxMDc4YzVlNWNkMzA2ZCIsInVzZXJfaWQiOjN9.DAH6E5lGprOotVltWL0LLz2gMhBJ7uY5CJtEV_47nlk	2025-05-28 02:25:54.0439+02	2025-05-29 02:25:54+02	3	06f287bfb7cd4053a01078c5e5cd306d
24	eyJhbGciOiJIUzI1NiIsInR5cCI6IkpXVCJ9.eyJ0b2tlbl90eXBlIjoicmVmcmVzaCIsImV4cCI6MTc0ODUxNDkwOSwiaWF0IjoxNzQ4NDI4NTA5LCJqdGkiOiI0YmRhZTYzNTEzNDI0MjFiOTIxODhhMmFiODgzM2ZiZCIsInVzZXJfaWQiOjR9.Tbgi7iV4pDGLMveUBZqd18sKgPnuei2dEufXIRkOlbw	2025-05-28 12:35:09.257285+02	2025-05-29 12:35:09+02	4	4bdae6351342421b92188a2ab8833fbd
25	eyJhbGciOiJIUzI1NiIsInR5cCI6IkpXVCJ9.eyJ0b2tlbl90eXBlIjoicmVmcmVzaCIsImV4cCI6MTc0ODUxNDk0MywiaWF0IjoxNzQ4NDI4NTQzLCJqdGkiOiI3YTczMWIwYjQzZjk0Y2RhYTRmZGI1NTBlYmIzM2M3NCIsInVzZXJfaWQiOjR9.4d8ln4ymymmtAjOrjq-B7cWN3oLXLeggNVguNBvatJY	2025-05-28 12:35:43.546014+02	2025-05-29 12:35:43+02	4	7a731b0b43f94cdaa4fdb550ebb33c74
26	eyJhbGciOiJIUzI1NiIsInR5cCI6IkpXVCJ9.eyJ0b2tlbl90eXBlIjoicmVmcmVzaCIsImV4cCI6MTc0ODUxNTcyMSwiaWF0IjoxNzQ4NDI5MzIxLCJqdGkiOiI4MmMxZmY5ZGU3ZDM0NDIyYmEwNjEyNTYyODEwNzVkZSIsInVzZXJfaWQiOjR9.b-G2VPqLa4yFY2KbWdXOJcmVGxCZCMFlGJvC6R73Bt0	2025-05-28 12:48:41.525928+02	2025-05-29 12:48:41+02	4	82c1ff9de7d34422ba061256281075de
27	eyJhbGciOiJIUzI1NiIsInR5cCI6IkpXVCJ9.eyJ0b2tlbl90eXBlIjoicmVmcmVzaCIsImV4cCI6MTc0ODUyMjM3MiwiaWF0IjoxNzQ4NDM1OTcyLCJqdGkiOiJmNWVjNjExOGIwM2Y0NDg4OGZlNDUzZGRkYTgzNjVhMSIsInVzZXJfaWQiOjN9.eV9X6OTK2NXfgLpgSxizCy6rDFq8EsdqXNxJRYYa20g	2025-05-28 14:39:32.893831+02	2025-05-29 14:39:32+02	3	f5ec6118b03f44888fe453ddda8365a1
28	eyJhbGciOiJIUzI1NiIsInR5cCI6IkpXVCJ9.eyJ0b2tlbl90eXBlIjoicmVmcmVzaCIsImV4cCI6MTc0ODUzNTQ4OSwiaWF0IjoxNzQ4NDQ5MDg5LCJqdGkiOiI3NDhlYzhiODMxYTQ0ZDg1OTE2NjhjZDkyNGNmMjBkNiIsInVzZXJfaWQiOjN9.adMZrv3k1qJelXEIaOIt2kHMtNY6AC1nAUkRU_TXx9k	2025-05-28 18:18:09.419267+02	2025-05-29 18:18:09+02	3	748ec8b831a44d8591668cd924cf20d6
29	eyJhbGciOiJIUzI1NiIsInR5cCI6IkpXVCJ9.eyJ0b2tlbl90eXBlIjoicmVmcmVzaCIsImV4cCI6MTc0ODUzNTk1NSwiaWF0IjoxNzQ4NDQ5NTU1LCJqdGkiOiI2NTY4ZmQ5OGNiMjY0OWUzOTk1OWQ3ZGU5YzI3ZTMyNSIsInVzZXJfaWQiOjN9.Yt8DKKygS9z-9E-po6lMzDeol-W5z2JIshY5XoAHvgU	2025-05-28 18:25:55.778485+02	2025-05-29 18:25:55+02	3	6568fd98cb2649e39959d7de9c27e325
30	eyJhbGciOiJIUzI1NiIsInR5cCI6IkpXVCJ9.eyJ0b2tlbl90eXBlIjoicmVmcmVzaCIsImV4cCI6MTc0ODUzODkxMywiaWF0IjoxNzQ4NDUyNTEzLCJqdGkiOiJiYWVmNmU0YWEwNjA0NDNlOGE1NGI5ZDI3N2ExZDQwNiIsInVzZXJfaWQiOjN9.Clsdbt0KsgPqRGwvyUKry6cZqUP5hTb-VRo_ytPG6UY	2025-05-28 19:15:13.621814+02	2025-05-29 19:15:13+02	3	baef6e4aa060443e8a54b9d277a1d406
31	eyJhbGciOiJIUzI1NiIsInR5cCI6IkpXVCJ9.eyJ0b2tlbl90eXBlIjoicmVmcmVzaCIsImV4cCI6MTc0ODUzODkyMCwiaWF0IjoxNzQ4NDUyNTIwLCJqdGkiOiIxMWEwMjJmY2EwZDM0ZmY0YmY5YzVjM2RhZGVmYTMxZCIsInVzZXJfaWQiOjN9.mZysEcpjyH1uhr1WpEV4uw_8zTFRFN1xY35CgeakEEc	2025-05-28 19:15:20.004383+02	2025-05-29 19:15:20+02	3	11a022fca0d34ff4bf9c5c3dadefa31d
32	eyJhbGciOiJIUzI1NiIsInR5cCI6IkpXVCJ9.eyJ0b2tlbl90eXBlIjoicmVmcmVzaCIsImV4cCI6MTc0ODU0MDI5NiwiaWF0IjoxNzQ4NDUzODk2LCJqdGkiOiJkOTQ1M2E4YjE2ZTA0ODRiYWYyMzk1NmNmZmU5Mzc2MCIsInVzZXJfaWQiOjN9.ytERiHwCAcIo5yxOR2gWW6sjrRwYI3ky3L7G66F5nmw	2025-05-28 19:38:16.476553+02	2025-05-29 19:38:16+02	3	d9453a8b16e0484baf23956cffe93760
33	eyJhbGciOiJIUzI1NiIsInR5cCI6IkpXVCJ9.eyJ0b2tlbl90eXBlIjoicmVmcmVzaCIsImV4cCI6MTc0ODU1MzEzNSwiaWF0IjoxNzQ4NDY2NzM1LCJqdGkiOiI5NjY4ZmMzMDM1YjU0MmQzOWY3ZThiNTIyNjg3ZTUxNyIsInVzZXJfaWQiOjN9.UbfO5EN4QpR102Xf0VKb653f86yHcVZSUjh1RMuL0Us	2025-05-28 23:12:15.636945+02	2025-05-29 23:12:15+02	3	9668fc3035b542d39f7e8b522687e517
34	eyJhbGciOiJIUzI1NiIsInR5cCI6IkpXVCJ9.eyJ0b2tlbl90eXBlIjoicmVmcmVzaCIsImV4cCI6MTc0ODYxMjQyMCwiaWF0IjoxNzQ4NTI2MDIwLCJqdGkiOiIyZGEyYjEyMzEzNzI0NTk0OTc3ZTE3NjE0MjI1YjNmMCIsInVzZXJfaWQiOjN9.jT6GtqFAunytSTwEZDQA-B4VhYYc6skpYn4TZMSJhm0	2025-05-29 15:40:20.160259+02	2025-05-30 15:40:20+02	3	2da2b12313724594977e17614225b3f0
35	eyJhbGciOiJIUzI1NiIsInR5cCI6IkpXVCJ9.eyJ0b2tlbl90eXBlIjoicmVmcmVzaCIsImV4cCI6MTc0OTYyODcyNSwiaWF0IjoxNzQ5NTQyMzI1LCJqdGkiOiI2YWE4YjZjNTE1MjM0NWEyYTdiZWJjNDEwNmQ4N2U5YSIsInVzZXJfaWQiOjR9.1WThT6eIiU1MXJ-AeIFViKL7jnfd5h0BLLZwGXvuFRU	2025-06-10 09:58:45.832791+02	2025-06-11 09:58:45+02	4	6aa8b6c5152345a2a7bebc4106d87e9a
36	eyJhbGciOiJIUzI1NiIsInR5cCI6IkpXVCJ9.eyJ0b2tlbl90eXBlIjoicmVmcmVzaCIsImV4cCI6MTc0OTYyODc0NiwiaWF0IjoxNzQ5NTQyMzQ2LCJqdGkiOiI3MzViMjNlMGI2Zjg0NjdiYWFmYjdiMDRmMDRlZmUwMSIsInVzZXJfaWQiOjR9.b1nixBpw3G-zqVkHuDozoJK63WACzRB0xvNsnwF2AP8	2025-06-10 09:59:06.458829+02	2025-06-11 09:59:06+02	4	735b23e0b6f8467baafb7b04f04efe01
37	eyJhbGciOiJIUzI1NiIsInR5cCI6IkpXVCJ9.eyJ0b2tlbl90eXBlIjoicmVmcmVzaCIsImV4cCI6MTc0OTYzMDE4MCwiaWF0IjoxNzQ5NTQzNzgwLCJqdGkiOiJkMzYzZjJmNmNhNzI0MmI3OTg2NDMzMjRkNWQ0MjcwNCIsInVzZXJfaWQiOjR9.eesulYHKwQwANvsi619e_myPQUbcx4S5TekO2ngnG8g	2025-06-10 10:23:00.754972+02	2025-06-11 10:23:00+02	4	d363f2f6ca7242b798643324d5d42704
38	eyJhbGciOiJIUzI1NiIsInR5cCI6IkpXVCJ9.eyJ0b2tlbl90eXBlIjoicmVmcmVzaCIsImV4cCI6MTc0OTY3NzQ0MiwiaWF0IjoxNzQ5NTkxMDQyLCJqdGkiOiJjZTllNjRiZDUyOWQ0OTAyOTc4ZTkyZmVkMjVlNTI3ZSIsInVzZXJfaWQiOjR9.vvRXNv0j5rroQZo5QR2ybps8nHUamgvYSBDaYcLEbHo	2025-06-10 23:30:42.088054+02	2025-06-11 23:30:42+02	4	ce9e64bd529d4902978e92fed25e527e
39	eyJhbGciOiJIUzI1NiIsInR5cCI6IkpXVCJ9.eyJ0b2tlbl90eXBlIjoicmVmcmVzaCIsImV4cCI6MTc0OTY3NzQ1OCwiaWF0IjoxNzQ5NTkxMDU4LCJqdGkiOiI1MmMwYThlZWYzMTI0ZTUyOTRmNGI5OWE0Mjg4NTdmYiIsInVzZXJfaWQiOjR9.zyq82LZxr4nrry5GYb4_TXXf0yEcgSnEpSRxS3ytBJw	2025-06-10 23:30:58.64077+02	2025-06-11 23:30:58+02	4	52c0a8eef3124e5294f4b99a428857fb
40	eyJhbGciOiJIUzI1NiIsInR5cCI6IkpXVCJ9.eyJ0b2tlbl90eXBlIjoicmVmcmVzaCIsImV4cCI6MTc0OTc2MTE5NywiaWF0IjoxNzQ5Njc0Nzk3LCJqdGkiOiJiMTJmZDc2MjIzNGE0YjQ0YTE1ZDAwODYxMjNlMjk5MyIsInVzZXJfaWQiOjR9.h06v3bs-TOiAjbbSWwIKiGoOZJPUxEwGnQlA1HEcpGg	2025-06-11 22:46:37.160553+02	2025-06-12 22:46:37+02	4	b12fd762234a4b44a15d0086123e2993
41	eyJhbGciOiJIUzI1NiIsInR5cCI6IkpXVCJ9.eyJ0b2tlbl90eXBlIjoicmVmcmVzaCIsImV4cCI6MTc0OTc2MjMxMCwiaWF0IjoxNzQ5Njc1OTEwLCJqdGkiOiI0N2EwODRmNTkxOTI0ZWI5OWRmNGE2OGZjYTE3Y2E5ZiIsInVzZXJfaWQiOjR9.kM6e1UD8aO14NxVQ22ICNVFZdv_-jW3Tw5ItTbtfObU	2025-06-11 23:05:10.482647+02	2025-06-12 23:05:10+02	4	47a084f591924eb99df4a68fca17ca9f
42	eyJhbGciOiJIUzI1NiIsInR5cCI6IkpXVCJ9.eyJ0b2tlbl90eXBlIjoicmVmcmVzaCIsImV4cCI6MTc0OTgyNDE1NiwiaWF0IjoxNzQ5NzM3NzU2LCJqdGkiOiJlNDZmYThiOTI3MTE0YTgzYTU5ODNlMzk2NTk3ZTY1MSIsInVzZXJfaWQiOjR9.H56in60RVwmHVyOJkZSWKL4y5ic7uP0JctWru0Bb6E0	2025-06-12 16:15:56.965077+02	2025-06-13 16:15:56+02	4	e46fa8b927114a83a5983e396597e651
43	eyJhbGciOiJIUzI1NiIsInR5cCI6IkpXVCJ9.eyJ0b2tlbl90eXBlIjoicmVmcmVzaCIsImV4cCI6MTc0OTgyNDE4MSwiaWF0IjoxNzQ5NzM3NzgxLCJqdGkiOiJiYjQ0MDczMTE0YzA0MTkwOWRlNmMzMTIyODUxZjI3MyIsInVzZXJfaWQiOjR9.di1go87ybCsZ3p0qVIbTmDnBDHMmTrHVlMrca7nNepM	2025-06-12 16:16:21.178508+02	2025-06-13 16:16:21+02	4	bb44073114c041909de6c3122851f273
44	eyJhbGciOiJIUzI1NiIsInR5cCI6IkpXVCJ9.eyJ0b2tlbl90eXBlIjoicmVmcmVzaCIsImV4cCI6MTc0OTgyOTkxMywiaWF0IjoxNzQ5NzQzNTEzLCJqdGkiOiIzMTMwYWM1ZDNkZmI0NWViYjk2NTU2NTA1NmEzZTgxZSIsInVzZXJfaWQiOjR9.Us5yyp9dH8su929kdFDrGxYEoMsH5Jx-YxHr5Pezt6A	2025-06-12 17:51:53.606525+02	2025-06-13 17:51:53+02	4	3130ac5d3dfb45ebb965565056a3e81e
45	eyJhbGciOiJIUzI1NiIsInR5cCI6IkpXVCJ9.eyJ0b2tlbl90eXBlIjoicmVmcmVzaCIsImV4cCI6MTc0OTg0NTgwMiwiaWF0IjoxNzQ5NzU5NDAyLCJqdGkiOiIxZTQ1MDk5OWVjYzg0ODVmYjI5NTg0MjVhNGE0ZmY1NiIsInVzZXJfaWQiOjR9.xW0XChjSvegKUrG-pCGTaW3zJ4JMiobYgV1-p2Jve7w	2025-06-12 22:16:42.004874+02	2025-06-13 22:16:42+02	4	1e450999ecc8485fb2958425a4a4ff56
46	eyJhbGciOiJIUzI1NiIsInR5cCI6IkpXVCJ9.eyJ0b2tlbl90eXBlIjoicmVmcmVzaCIsImV4cCI6MTc0OTg0NzU3OSwiaWF0IjoxNzQ5NzYxMTc5LCJqdGkiOiI1NTNkYTA0ZTUzYzk0ZDhiYTQ3MTZhNmE4MDQ0ZTIwNiIsInVzZXJfaWQiOjR9.SIqDiV67QlI6N4v5r9l9GOsyXV_Ro0gNQyC-Q6HdK30	2025-06-12 22:46:19.308381+02	2025-06-13 22:46:19+02	4	553da04e53c94d8ba4716a6a8044e206
47	eyJhbGciOiJIUzI1NiIsInR5cCI6IkpXVCJ9.eyJ0b2tlbl90eXBlIjoicmVmcmVzaCIsImV4cCI6MTc0OTg0ODg1NiwiaWF0IjoxNzQ5NzYyNDU2LCJqdGkiOiJkYjY0NjExZjYyMmY0ODc5YTJjNGQ3NjU5ZDQ3OWE1YSIsInVzZXJfaWQiOjR9.kaDBzyqB-gJshN-5TY9mZLalqVLD2c-3eXB4ZVkdvJA	2025-06-12 23:07:36.511349+02	2025-06-13 23:07:36+02	4	db64611f622f4879a2c4d7659d479a5a
48	eyJhbGciOiJIUzI1NiIsInR5cCI6IkpXVCJ9.eyJ0b2tlbl90eXBlIjoicmVmcmVzaCIsImV4cCI6MTc0OTg1MDc0MiwiaWF0IjoxNzQ5NzY0MzQyLCJqdGkiOiI2ZWVkNWI5Y2U2Y2U0ZTgzODY4ZDU0MjkzMmExM2YzNiIsInVzZXJfaWQiOjR9.t3xSCYE5SFPBzA67Kmzsgw6hpbYdgvD5TBy_XKg_iOY	2025-06-12 23:39:02.791475+02	2025-06-13 23:39:02+02	4	6eed5b9ce6ce4e83868d542932a13f36
49	eyJhbGciOiJIUzI1NiIsInR5cCI6IkpXVCJ9.eyJ0b2tlbl90eXBlIjoicmVmcmVzaCIsImV4cCI6MTc0OTg1MTkyMywiaWF0IjoxNzQ5NzY1NTIzLCJqdGkiOiIyNTNkZDAyOGI4NmE0ODMxODcyNmJjZWNiYjUxYTFiNSIsInVzZXJfaWQiOjR9.ViDZO9dqgY3dTNz5AWbzJ7iN6lDjkyuujx0l86LfclA	2025-06-12 23:58:43.174227+02	2025-06-13 23:58:43+02	4	253dd028b86a48318726bcecbb51a1b5
50	eyJhbGciOiJIUzI1NiIsInR5cCI6IkpXVCJ9.eyJ0b2tlbl90eXBlIjoicmVmcmVzaCIsImV4cCI6MTc0OTg1NjI2NCwiaWF0IjoxNzQ5NzY5ODY0LCJqdGkiOiJmNjgwNzhiMjBhZjM0NWViODM2MDNkYTk0ZTRmNTg3NiIsInVzZXJfaWQiOjR9.9OYR2mVRvx7gQONJCoL0qlFaC76JMeEnzcb0gCf5hP4	2025-06-13 01:11:04.252055+02	2025-06-14 01:11:04+02	4	f68078b20af345eb83603da94e4f5876
\.


--
-- Data for Name: transaction; Type: TABLE DATA; Schema: public; Owner: postgres
--

COPY public.transaction (id, date, montant, paiement_id, ticket_id) FROM stdin;
\.


--
-- Data for Name: utilisateur; Type: TABLE DATA; Schema: public; Owner: postgres
--

COPY public.utilisateur (id, password, last_login, is_superuser, email, nom, prenom, telephone, role, is_active, is_staff, date_joined) FROM stdin;
1	pbkdf2_sha256$1000000$Hfn99HqSDDuPJAzopiPYdV$KS8DGWqX0IxAKVAb3odN2qqC3bW0VyEh/lkzu3Fp30Y=	\N	f	testuser@example.com	Test	User	\N	ETUDIANT	t	f	2025-05-23 12:43:08.388027+02
2	pbkdf2_sha256$1000000$6K2oDxHTBXE35bE9M5nKPZ$vXHmo3MawN5XzvdEldwOgVrsj/hfZCqdOSgsGGpYfNk=	\N	f	nouvelutilisateur@example.com	Dupont	Jean	\N	ETUDIANT	t	f	2025-05-23 12:47:28.129047+02
3	pbkdf2_sha256$1000000$U73oE4C3Gp8zpqZUo9X5D8$bgCz2aFsZjVn8X/yzhribSkP/9500CLMrktfQcM1kkg=	\N	f	moussaisma05@gmail.com	MOUSSA	Ismael	\N	ETUDIANT	t	f	2025-05-24 21:04:50.663622+02
5	pbkdf2_sha256$1000000$iAGsJE8meTqXjdrbxmhvsS$LJO4AYRQNwOg1bDOLIfbPRDjYo+g3qcPADZQqT0vPiQ=	\N	f	alice@example.com	Alice	Koumba	\N	ETUDIANT	t	f	2025-06-11 22:39:25.386237+02
6	pbkdf2_sha256$1000000$huBEoXgeyt6gEjfxet2UQR$CIgG8gGthZZaqfUPzhB18I32w7Kv5GjRaGCzK7RE2uE=	\N	f	bob@example.com	Bob	Issa	\N	ETUDIANT	t	f	2025-06-11 22:39:30.020774+02
7	pbkdf2_sha256$1000000$WLWb6R35E2u6k5T3ETI2W6$WzQPOYZ4Q6RVJIH+a3IBQxfHKe0hn8J8/ptdThdVT/Q=	\N	f	carine@example.com	Carine	Zara	\N	ETUDIANT	t	f	2025-06-11 22:39:32.983102+02
4	pbkdf2_sha256$1000000$ggMnxYEOSW1lOKkJFs5xyl$2GQXcYgvjiVpzIGNk9QJwINO0I0iAzNhWCzEbqQUl5k=	2025-06-12 22:55:57.551773+02	t	emig@gmail.com	emig	admin	\N	ETUDIANT	t	t	2025-05-24 22:25:05.732587+02
\.


--
-- Data for Name: utilisateur_groups; Type: TABLE DATA; Schema: public; Owner: postgres
--

COPY public.utilisateur_groups (id, utilisateur_id, group_id) FROM stdin;
\.


--
-- Data for Name: utilisateur_user_permissions; Type: TABLE DATA; Schema: public; Owner: postgres
--

COPY public.utilisateur_user_permissions (id, utilisateur_id, permission_id) FROM stdin;
\.


--
-- Data for Name: vendeurTicket; Type: TABLE DATA; Schema: public; Owner: postgres
--

COPY public."vendeurTicket" (utilisateur_ptr_id) FROM stdin;
\.


--
-- Name: auth_group_id_seq; Type: SEQUENCE SET; Schema: public; Owner: postgres
--

SELECT pg_catalog.setval('public.auth_group_id_seq', 1, false);


--
-- Name: auth_group_permissions_id_seq; Type: SEQUENCE SET; Schema: public; Owner: postgres
--

SELECT pg_catalog.setval('public.auth_group_permissions_id_seq', 1, false);


--
-- Name: auth_permission_id_seq; Type: SEQUENCE SET; Schema: public; Owner: postgres
--

SELECT pg_catalog.setval('public.auth_permission_id_seq', 104, true);


--
-- Name: authentification_id_seq; Type: SEQUENCE SET; Schema: public; Owner: postgres
--

SELECT pg_catalog.setval('public.authentification_id_seq', 1, false);


--
-- Name: django_admin_log_id_seq; Type: SEQUENCE SET; Schema: public; Owner: postgres
--

SELECT pg_catalog.setval('public.django_admin_log_id_seq', 18, true);


--
-- Name: django_content_type_id_seq; Type: SEQUENCE SET; Schema: public; Owner: postgres
--

SELECT pg_catalog.setval('public.django_content_type_id_seq', 26, true);


--
-- Name: django_migrations_id_seq; Type: SEQUENCE SET; Schema: public; Owner: postgres
--

SELECT pg_catalog.setval('public.django_migrations_id_seq', 36, true);


--
-- Name: jour_id_seq; Type: SEQUENCE SET; Schema: public; Owner: postgres
--

SELECT pg_catalog.setval('public.jour_id_seq', 10, true);


--
-- Name: notification_id_seq; Type: SEQUENCE SET; Schema: public; Owner: postgres
--

SELECT pg_catalog.setval('public.notification_id_seq', 1, false);


--
-- Name: paiement_id_seq; Type: SEQUENCE SET; Schema: public; Owner: postgres
--

SELECT pg_catalog.setval('public.paiement_id_seq', 1, false);


--
-- Name: periode_id_seq; Type: SEQUENCE SET; Schema: public; Owner: postgres
--

SELECT pg_catalog.setval('public.periode_id_seq', 3, true);


--
-- Name: recharge_id_seq; Type: SEQUENCE SET; Schema: public; Owner: postgres
--

SELECT pg_catalog.setval('public.recharge_id_seq', 1, false);


--
-- Name: recuTicket_id_seq; Type: SEQUENCE SET; Schema: public; Owner: postgres
--

SELECT pg_catalog.setval('public."recuTicket_id_seq"', 1, false);


--
-- Name: reservation_id_seq; Type: SEQUENCE SET; Schema: public; Owner: postgres
--

SELECT pg_catalog.setval('public.reservation_id_seq', 3, true);


--
-- Name: token_blacklist_blacklistedtoken_id_seq; Type: SEQUENCE SET; Schema: public; Owner: postgres
--

SELECT pg_catalog.setval('public.token_blacklist_blacklistedtoken_id_seq', 7, true);


--
-- Name: token_blacklist_outstandingtoken_id_seq; Type: SEQUENCE SET; Schema: public; Owner: postgres
--

SELECT pg_catalog.setval('public.token_blacklist_outstandingtoken_id_seq', 50, true);


--
-- Name: transaction_id_seq; Type: SEQUENCE SET; Schema: public; Owner: postgres
--

SELECT pg_catalog.setval('public.transaction_id_seq', 1, false);


--
-- Name: utilisateur_groups_id_seq; Type: SEQUENCE SET; Schema: public; Owner: postgres
--

SELECT pg_catalog.setval('public.utilisateur_groups_id_seq', 1, false);


--
-- Name: utilisateur_id_seq; Type: SEQUENCE SET; Schema: public; Owner: postgres
--

SELECT pg_catalog.setval('public.utilisateur_id_seq', 7, true);


--
-- Name: utilisateur_user_permissions_id_seq; Type: SEQUENCE SET; Schema: public; Owner: postgres
--

SELECT pg_catalog.setval('public.utilisateur_user_permissions_id_seq', 1, false);


--
-- Name: administrateur administrateur_pkey; Type: CONSTRAINT; Schema: public; Owner: postgres
--

ALTER TABLE ONLY public.administrateur
    ADD CONSTRAINT administrateur_pkey PRIMARY KEY (utilisateur_ptr_id);


--
-- Name: auth_group auth_group_name_key; Type: CONSTRAINT; Schema: public; Owner: postgres
--

ALTER TABLE ONLY public.auth_group
    ADD CONSTRAINT auth_group_name_key UNIQUE (name);


--
-- Name: auth_group_permissions auth_group_permissions_group_id_permission_id_0cd325b0_uniq; Type: CONSTRAINT; Schema: public; Owner: postgres
--

ALTER TABLE ONLY public.auth_group_permissions
    ADD CONSTRAINT auth_group_permissions_group_id_permission_id_0cd325b0_uniq UNIQUE (group_id, permission_id);


--
-- Name: auth_group_permissions auth_group_permissions_pkey; Type: CONSTRAINT; Schema: public; Owner: postgres
--

ALTER TABLE ONLY public.auth_group_permissions
    ADD CONSTRAINT auth_group_permissions_pkey PRIMARY KEY (id);


--
-- Name: auth_group auth_group_pkey; Type: CONSTRAINT; Schema: public; Owner: postgres
--

ALTER TABLE ONLY public.auth_group
    ADD CONSTRAINT auth_group_pkey PRIMARY KEY (id);


--
-- Name: auth_permission auth_permission_content_type_id_codename_01ab375a_uniq; Type: CONSTRAINT; Schema: public; Owner: postgres
--

ALTER TABLE ONLY public.auth_permission
    ADD CONSTRAINT auth_permission_content_type_id_codename_01ab375a_uniq UNIQUE (content_type_id, codename);


--
-- Name: auth_permission auth_permission_pkey; Type: CONSTRAINT; Schema: public; Owner: postgres
--

ALTER TABLE ONLY public.auth_permission
    ADD CONSTRAINT auth_permission_pkey PRIMARY KEY (id);


--
-- Name: authentification authentification_pkey; Type: CONSTRAINT; Schema: public; Owner: postgres
--

ALTER TABLE ONLY public.authentification
    ADD CONSTRAINT authentification_pkey PRIMARY KEY (id);


--
-- Name: authentification authentification_utilisateur_id_key; Type: CONSTRAINT; Schema: public; Owner: postgres
--

ALTER TABLE ONLY public.authentification
    ADD CONSTRAINT authentification_utilisateur_id_key UNIQUE (utilisateur_id);


--
-- Name: authtoken_token authtoken_token_pkey; Type: CONSTRAINT; Schema: public; Owner: postgres
--

ALTER TABLE ONLY public.authtoken_token
    ADD CONSTRAINT authtoken_token_pkey PRIMARY KEY (key);


--
-- Name: authtoken_token authtoken_token_user_id_key; Type: CONSTRAINT; Schema: public; Owner: postgres
--

ALTER TABLE ONLY public.authtoken_token
    ADD CONSTRAINT authtoken_token_user_id_key UNIQUE (user_id);


--
-- Name: chefServiceRestaurant chefServiceRestaurant_pkey; Type: CONSTRAINT; Schema: public; Owner: postgres
--

ALTER TABLE ONLY public."chefServiceRestaurant"
    ADD CONSTRAINT "chefServiceRestaurant_pkey" PRIMARY KEY (utilisateur_ptr_id);


--
-- Name: django_admin_log django_admin_log_pkey; Type: CONSTRAINT; Schema: public; Owner: postgres
--

ALTER TABLE ONLY public.django_admin_log
    ADD CONSTRAINT django_admin_log_pkey PRIMARY KEY (id);


--
-- Name: django_content_type django_content_type_app_label_model_76bd3d3b_uniq; Type: CONSTRAINT; Schema: public; Owner: postgres
--

ALTER TABLE ONLY public.django_content_type
    ADD CONSTRAINT django_content_type_app_label_model_76bd3d3b_uniq UNIQUE (app_label, model);


--
-- Name: django_content_type django_content_type_pkey; Type: CONSTRAINT; Schema: public; Owner: postgres
--

ALTER TABLE ONLY public.django_content_type
    ADD CONSTRAINT django_content_type_pkey PRIMARY KEY (id);


--
-- Name: django_migrations django_migrations_pkey; Type: CONSTRAINT; Schema: public; Owner: postgres
--

ALTER TABLE ONLY public.django_migrations
    ADD CONSTRAINT django_migrations_pkey PRIMARY KEY (id);


--
-- Name: django_session django_session_pkey; Type: CONSTRAINT; Schema: public; Owner: postgres
--

ALTER TABLE ONLY public.django_session
    ADD CONSTRAINT django_session_pkey PRIMARY KEY (session_key);


--
-- Name: etudiant etudiant_matricule_key; Type: CONSTRAINT; Schema: public; Owner: postgres
--

ALTER TABLE ONLY public.etudiant
    ADD CONSTRAINT etudiant_matricule_key UNIQUE (matricule);


--
-- Name: etudiant etudiant_pkey; Type: CONSTRAINT; Schema: public; Owner: postgres
--

ALTER TABLE ONLY public.etudiant
    ADD CONSTRAINT etudiant_pkey PRIMARY KEY (utilisateur_ptr_id);


--
-- Name: jour jour_pkey; Type: CONSTRAINT; Schema: public; Owner: postgres
--

ALTER TABLE ONLY public.jour
    ADD CONSTRAINT jour_pkey PRIMARY KEY (id);


--
-- Name: magasinier magasinier_pkey; Type: CONSTRAINT; Schema: public; Owner: postgres
--

ALTER TABLE ONLY public.magasinier
    ADD CONSTRAINT magasinier_pkey PRIMARY KEY (utilisateur_ptr_id);


--
-- Name: notification notification_pkey; Type: CONSTRAINT; Schema: public; Owner: postgres
--

ALTER TABLE ONLY public.notification
    ADD CONSTRAINT notification_pkey PRIMARY KEY (id);


--
-- Name: paiement paiement_pkey; Type: CONSTRAINT; Schema: public; Owner: postgres
--

ALTER TABLE ONLY public.paiement
    ADD CONSTRAINT paiement_pkey PRIMARY KEY (id);


--
-- Name: periode periode_pkey; Type: CONSTRAINT; Schema: public; Owner: postgres
--

ALTER TABLE ONLY public.periode
    ADD CONSTRAINT periode_pkey PRIMARY KEY (id);


--
-- Name: recharge recharge_pkey; Type: CONSTRAINT; Schema: public; Owner: postgres
--

ALTER TABLE ONLY public.recharge
    ADD CONSTRAINT recharge_pkey PRIMARY KEY (id);


--
-- Name: recuTicket recuTicket_pkey; Type: CONSTRAINT; Schema: public; Owner: postgres
--

ALTER TABLE ONLY public."recuTicket"
    ADD CONSTRAINT "recuTicket_pkey" PRIMARY KEY (id);


--
-- Name: recuTicket recuTicket_transaction_id_key; Type: CONSTRAINT; Schema: public; Owner: postgres
--

ALTER TABLE ONLY public."recuTicket"
    ADD CONSTRAINT "recuTicket_transaction_id_key" UNIQUE (transaction_id);


--
-- Name: reservation reservation_pkey; Type: CONSTRAINT; Schema: public; Owner: postgres
--

ALTER TABLE ONLY public.reservation
    ADD CONSTRAINT reservation_pkey PRIMARY KEY (id);


--
-- Name: reservation reservation_reservant_pour_id_jour_i_8e321b02_uniq; Type: CONSTRAINT; Schema: public; Owner: postgres
--

ALTER TABLE ONLY public.reservation
    ADD CONSTRAINT reservation_reservant_pour_id_jour_i_8e321b02_uniq UNIQUE (reservant_pour_id, jour_id, periode_id, date);


--
-- Name: responsableGuichet responsableGuichet_pkey; Type: CONSTRAINT; Schema: public; Owner: postgres
--

ALTER TABLE ONLY public."responsableGuichet"
    ADD CONSTRAINT "responsableGuichet_pkey" PRIMARY KEY (utilisateur_ptr_id);


--
-- Name: ticket ticket_pkey; Type: CONSTRAINT; Schema: public; Owner: postgres
--

ALTER TABLE ONLY public.ticket
    ADD CONSTRAINT ticket_pkey PRIMARY KEY (id);


--
-- Name: token_blacklist_blacklistedtoken token_blacklist_blacklistedtoken_pkey; Type: CONSTRAINT; Schema: public; Owner: postgres
--

ALTER TABLE ONLY public.token_blacklist_blacklistedtoken
    ADD CONSTRAINT token_blacklist_blacklistedtoken_pkey PRIMARY KEY (id);


--
-- Name: token_blacklist_blacklistedtoken token_blacklist_blacklistedtoken_token_id_key; Type: CONSTRAINT; Schema: public; Owner: postgres
--

ALTER TABLE ONLY public.token_blacklist_blacklistedtoken
    ADD CONSTRAINT token_blacklist_blacklistedtoken_token_id_key UNIQUE (token_id);


--
-- Name: token_blacklist_outstandingtoken token_blacklist_outstandingtoken_jti_hex_d9bdf6f7_uniq; Type: CONSTRAINT; Schema: public; Owner: postgres
--

ALTER TABLE ONLY public.token_blacklist_outstandingtoken
    ADD CONSTRAINT token_blacklist_outstandingtoken_jti_hex_d9bdf6f7_uniq UNIQUE (jti);


--
-- Name: token_blacklist_outstandingtoken token_blacklist_outstandingtoken_pkey; Type: CONSTRAINT; Schema: public; Owner: postgres
--

ALTER TABLE ONLY public.token_blacklist_outstandingtoken
    ADD CONSTRAINT token_blacklist_outstandingtoken_pkey PRIMARY KEY (id);


--
-- Name: transaction transaction_paiement_id_key; Type: CONSTRAINT; Schema: public; Owner: postgres
--

ALTER TABLE ONLY public.transaction
    ADD CONSTRAINT transaction_paiement_id_key UNIQUE (paiement_id);


--
-- Name: transaction transaction_pkey; Type: CONSTRAINT; Schema: public; Owner: postgres
--

ALTER TABLE ONLY public.transaction
    ADD CONSTRAINT transaction_pkey PRIMARY KEY (id);


--
-- Name: transaction transaction_ticket_id_key; Type: CONSTRAINT; Schema: public; Owner: postgres
--

ALTER TABLE ONLY public.transaction
    ADD CONSTRAINT transaction_ticket_id_key UNIQUE (ticket_id);


--
-- Name: utilisateur utilisateur_email_key; Type: CONSTRAINT; Schema: public; Owner: postgres
--

ALTER TABLE ONLY public.utilisateur
    ADD CONSTRAINT utilisateur_email_key UNIQUE (email);


--
-- Name: utilisateur_groups utilisateur_groups_pkey; Type: CONSTRAINT; Schema: public; Owner: postgres
--

ALTER TABLE ONLY public.utilisateur_groups
    ADD CONSTRAINT utilisateur_groups_pkey PRIMARY KEY (id);


--
-- Name: utilisateur_groups utilisateur_groups_utilisateur_id_group_id_c6678546_uniq; Type: CONSTRAINT; Schema: public; Owner: postgres
--

ALTER TABLE ONLY public.utilisateur_groups
    ADD CONSTRAINT utilisateur_groups_utilisateur_id_group_id_c6678546_uniq UNIQUE (utilisateur_id, group_id);


--
-- Name: utilisateur utilisateur_pkey; Type: CONSTRAINT; Schema: public; Owner: postgres
--

ALTER TABLE ONLY public.utilisateur
    ADD CONSTRAINT utilisateur_pkey PRIMARY KEY (id);


--
-- Name: utilisateur_user_permissions utilisateur_user_permiss_utilisateur_id_permissio_97ce0e73_uniq; Type: CONSTRAINT; Schema: public; Owner: postgres
--

ALTER TABLE ONLY public.utilisateur_user_permissions
    ADD CONSTRAINT utilisateur_user_permiss_utilisateur_id_permissio_97ce0e73_uniq UNIQUE (utilisateur_id, permission_id);


--
-- Name: utilisateur_user_permissions utilisateur_user_permissions_pkey; Type: CONSTRAINT; Schema: public; Owner: postgres
--

ALTER TABLE ONLY public.utilisateur_user_permissions
    ADD CONSTRAINT utilisateur_user_permissions_pkey PRIMARY KEY (id);


--
-- Name: vendeurTicket vendeurTicket_pkey; Type: CONSTRAINT; Schema: public; Owner: postgres
--

ALTER TABLE ONLY public."vendeurTicket"
    ADD CONSTRAINT "vendeurTicket_pkey" PRIMARY KEY (utilisateur_ptr_id);


--
-- Name: auth_group_name_a6ea08ec_like; Type: INDEX; Schema: public; Owner: postgres
--

CREATE INDEX auth_group_name_a6ea08ec_like ON public.auth_group USING btree (name varchar_pattern_ops);


--
-- Name: auth_group_permissions_group_id_b120cbf9; Type: INDEX; Schema: public; Owner: postgres
--

CREATE INDEX auth_group_permissions_group_id_b120cbf9 ON public.auth_group_permissions USING btree (group_id);


--
-- Name: auth_group_permissions_permission_id_84c5c92e; Type: INDEX; Schema: public; Owner: postgres
--

CREATE INDEX auth_group_permissions_permission_id_84c5c92e ON public.auth_group_permissions USING btree (permission_id);


--
-- Name: auth_permission_content_type_id_2f476e4b; Type: INDEX; Schema: public; Owner: postgres
--

CREATE INDEX auth_permission_content_type_id_2f476e4b ON public.auth_permission USING btree (content_type_id);


--
-- Name: authtoken_token_key_10f0b77e_like; Type: INDEX; Schema: public; Owner: postgres
--

CREATE INDEX authtoken_token_key_10f0b77e_like ON public.authtoken_token USING btree (key varchar_pattern_ops);


--
-- Name: django_admin_log_content_type_id_c4bce8eb; Type: INDEX; Schema: public; Owner: postgres
--

CREATE INDEX django_admin_log_content_type_id_c4bce8eb ON public.django_admin_log USING btree (content_type_id);


--
-- Name: django_admin_log_user_id_c564eba6; Type: INDEX; Schema: public; Owner: postgres
--

CREATE INDEX django_admin_log_user_id_c564eba6 ON public.django_admin_log USING btree (user_id);


--
-- Name: django_session_expire_date_a5c62663; Type: INDEX; Schema: public; Owner: postgres
--

CREATE INDEX django_session_expire_date_a5c62663 ON public.django_session USING btree (expire_date);


--
-- Name: django_session_session_key_c0390e0f_like; Type: INDEX; Schema: public; Owner: postgres
--

CREATE INDEX django_session_session_key_c0390e0f_like ON public.django_session USING btree (session_key varchar_pattern_ops);


--
-- Name: etudiant_matricule_23e6cfc3_like; Type: INDEX; Schema: public; Owner: postgres
--

CREATE INDEX etudiant_matricule_23e6cfc3_like ON public.etudiant USING btree (matricule varchar_pattern_ops);


--
-- Name: notification_utilisateur_id_d8b66182; Type: INDEX; Schema: public; Owner: postgres
--

CREATE INDEX notification_utilisateur_id_d8b66182 ON public.notification USING btree (utilisateur_id);


--
-- Name: paiement_date_02b163_idx; Type: INDEX; Schema: public; Owner: postgres
--

CREATE INDEX paiement_date_02b163_idx ON public.paiement USING btree (date);


--
-- Name: paiement_etudiant_id_f460f64a; Type: INDEX; Schema: public; Owner: postgres
--

CREATE INDEX paiement_etudiant_id_f460f64a ON public.paiement USING btree (etudiant_id);


--
-- Name: recharge_etudiant_id_a1e7f1d6; Type: INDEX; Schema: public; Owner: postgres
--

CREATE INDEX recharge_etudiant_id_a1e7f1d6 ON public.recharge USING btree (etudiant_id);


--
-- Name: reservation_etudiant_id_ce9e5eb8; Type: INDEX; Schema: public; Owner: postgres
--

CREATE INDEX reservation_etudiant_id_ce9e5eb8 ON public.reservation USING btree (etudiant_id);


--
-- Name: reservation_jour_id_830b4e75; Type: INDEX; Schema: public; Owner: postgres
--

CREATE INDEX reservation_jour_id_830b4e75 ON public.reservation USING btree (jour_id);


--
-- Name: reservation_periode_id_53c6d955; Type: INDEX; Schema: public; Owner: postgres
--

CREATE INDEX reservation_periode_id_53c6d955 ON public.reservation USING btree (periode_id);


--
-- Name: reservation_reservant_pour_id_43b6fbd6; Type: INDEX; Schema: public; Owner: postgres
--

CREATE INDEX reservation_reservant_pour_id_43b6fbd6 ON public.reservation USING btree (reservant_pour_id);


--
-- Name: ticket_etudiant_id_df19c2a5; Type: INDEX; Schema: public; Owner: postgres
--

CREATE INDEX ticket_etudiant_id_df19c2a5 ON public.ticket USING btree (etudiant_id);


--
-- Name: ticket_vendeur_id_3dfc90f7; Type: INDEX; Schema: public; Owner: postgres
--

CREATE INDEX ticket_vendeur_id_3dfc90f7 ON public.ticket USING btree (vendeur_id);


--
-- Name: token_blacklist_outstandingtoken_jti_hex_d9bdf6f7_like; Type: INDEX; Schema: public; Owner: postgres
--

CREATE INDEX token_blacklist_outstandingtoken_jti_hex_d9bdf6f7_like ON public.token_blacklist_outstandingtoken USING btree (jti varchar_pattern_ops);


--
-- Name: token_blacklist_outstandingtoken_user_id_83bc629a; Type: INDEX; Schema: public; Owner: postgres
--

CREATE INDEX token_blacklist_outstandingtoken_user_id_83bc629a ON public.token_blacklist_outstandingtoken USING btree (user_id);


--
-- Name: utilisateur_email_ce919624_like; Type: INDEX; Schema: public; Owner: postgres
--

CREATE INDEX utilisateur_email_ce919624_like ON public.utilisateur USING btree (email varchar_pattern_ops);


--
-- Name: utilisateur_groups_group_id_f333a17e; Type: INDEX; Schema: public; Owner: postgres
--

CREATE INDEX utilisateur_groups_group_id_f333a17e ON public.utilisateur_groups USING btree (group_id);


--
-- Name: utilisateur_groups_utilisateur_id_61ea21da; Type: INDEX; Schema: public; Owner: postgres
--

CREATE INDEX utilisateur_groups_utilisateur_id_61ea21da ON public.utilisateur_groups USING btree (utilisateur_id);


--
-- Name: utilisateur_user_permissions_permission_id_0616051c; Type: INDEX; Schema: public; Owner: postgres
--

CREATE INDEX utilisateur_user_permissions_permission_id_0616051c ON public.utilisateur_user_permissions USING btree (permission_id);


--
-- Name: utilisateur_user_permissions_utilisateur_id_b92b88e4; Type: INDEX; Schema: public; Owner: postgres
--

CREATE INDEX utilisateur_user_permissions_utilisateur_id_b92b88e4 ON public.utilisateur_user_permissions USING btree (utilisateur_id);


--
-- Name: administrateur administrateur_utilisateur_ptr_id_a57432dd_fk_utilisateur_id; Type: FK CONSTRAINT; Schema: public; Owner: postgres
--

ALTER TABLE ONLY public.administrateur
    ADD CONSTRAINT administrateur_utilisateur_ptr_id_a57432dd_fk_utilisateur_id FOREIGN KEY (utilisateur_ptr_id) REFERENCES public.utilisateur(id) DEFERRABLE INITIALLY DEFERRED;


--
-- Name: auth_group_permissions auth_group_permissio_permission_id_84c5c92e_fk_auth_perm; Type: FK CONSTRAINT; Schema: public; Owner: postgres
--

ALTER TABLE ONLY public.auth_group_permissions
    ADD CONSTRAINT auth_group_permissio_permission_id_84c5c92e_fk_auth_perm FOREIGN KEY (permission_id) REFERENCES public.auth_permission(id) DEFERRABLE INITIALLY DEFERRED;


--
-- Name: auth_group_permissions auth_group_permissions_group_id_b120cbf9_fk_auth_group_id; Type: FK CONSTRAINT; Schema: public; Owner: postgres
--

ALTER TABLE ONLY public.auth_group_permissions
    ADD CONSTRAINT auth_group_permissions_group_id_b120cbf9_fk_auth_group_id FOREIGN KEY (group_id) REFERENCES public.auth_group(id) DEFERRABLE INITIALLY DEFERRED;


--
-- Name: auth_permission auth_permission_content_type_id_2f476e4b_fk_django_co; Type: FK CONSTRAINT; Schema: public; Owner: postgres
--

ALTER TABLE ONLY public.auth_permission
    ADD CONSTRAINT auth_permission_content_type_id_2f476e4b_fk_django_co FOREIGN KEY (content_type_id) REFERENCES public.django_content_type(id) DEFERRABLE INITIALLY DEFERRED;


--
-- Name: authentification authentification_utilisateur_id_748550c7_fk_utilisateur_id; Type: FK CONSTRAINT; Schema: public; Owner: postgres
--

ALTER TABLE ONLY public.authentification
    ADD CONSTRAINT authentification_utilisateur_id_748550c7_fk_utilisateur_id FOREIGN KEY (utilisateur_id) REFERENCES public.utilisateur(id) DEFERRABLE INITIALLY DEFERRED;


--
-- Name: authtoken_token authtoken_token_user_id_35299eff_fk_utilisateur_id; Type: FK CONSTRAINT; Schema: public; Owner: postgres
--

ALTER TABLE ONLY public.authtoken_token
    ADD CONSTRAINT authtoken_token_user_id_35299eff_fk_utilisateur_id FOREIGN KEY (user_id) REFERENCES public.utilisateur(id) DEFERRABLE INITIALLY DEFERRED;


--
-- Name: chefServiceRestaurant chefServiceRestauran_utilisateur_ptr_id_7e426004_fk_utilisate; Type: FK CONSTRAINT; Schema: public; Owner: postgres
--

ALTER TABLE ONLY public."chefServiceRestaurant"
    ADD CONSTRAINT "chefServiceRestauran_utilisateur_ptr_id_7e426004_fk_utilisate" FOREIGN KEY (utilisateur_ptr_id) REFERENCES public.utilisateur(id) DEFERRABLE INITIALLY DEFERRED;


--
-- Name: django_admin_log django_admin_log_content_type_id_c4bce8eb_fk_django_co; Type: FK CONSTRAINT; Schema: public; Owner: postgres
--

ALTER TABLE ONLY public.django_admin_log
    ADD CONSTRAINT django_admin_log_content_type_id_c4bce8eb_fk_django_co FOREIGN KEY (content_type_id) REFERENCES public.django_content_type(id) DEFERRABLE INITIALLY DEFERRED;


--
-- Name: django_admin_log django_admin_log_user_id_c564eba6_fk_utilisateur_id; Type: FK CONSTRAINT; Schema: public; Owner: postgres
--

ALTER TABLE ONLY public.django_admin_log
    ADD CONSTRAINT django_admin_log_user_id_c564eba6_fk_utilisateur_id FOREIGN KEY (user_id) REFERENCES public.utilisateur(id) DEFERRABLE INITIALLY DEFERRED;


--
-- Name: etudiant etudiant_utilisateur_ptr_id_479b59cf_fk_utilisateur_id; Type: FK CONSTRAINT; Schema: public; Owner: postgres
--

ALTER TABLE ONLY public.etudiant
    ADD CONSTRAINT etudiant_utilisateur_ptr_id_479b59cf_fk_utilisateur_id FOREIGN KEY (utilisateur_ptr_id) REFERENCES public.utilisateur(id) DEFERRABLE INITIALLY DEFERRED;


--
-- Name: magasinier magasinier_utilisateur_ptr_id_84deee8a_fk_utilisateur_id; Type: FK CONSTRAINT; Schema: public; Owner: postgres
--

ALTER TABLE ONLY public.magasinier
    ADD CONSTRAINT magasinier_utilisateur_ptr_id_84deee8a_fk_utilisateur_id FOREIGN KEY (utilisateur_ptr_id) REFERENCES public.utilisateur(id) DEFERRABLE INITIALLY DEFERRED;


--
-- Name: notification notification_utilisateur_id_d8b66182_fk_utilisateur_id; Type: FK CONSTRAINT; Schema: public; Owner: postgres
--

ALTER TABLE ONLY public.notification
    ADD CONSTRAINT notification_utilisateur_id_d8b66182_fk_utilisateur_id FOREIGN KEY (utilisateur_id) REFERENCES public.utilisateur(id) DEFERRABLE INITIALLY DEFERRED;


--
-- Name: paiement paiement_etudiant_id_f460f64a_fk_etudiant_utilisateur_ptr_id; Type: FK CONSTRAINT; Schema: public; Owner: postgres
--

ALTER TABLE ONLY public.paiement
    ADD CONSTRAINT paiement_etudiant_id_f460f64a_fk_etudiant_utilisateur_ptr_id FOREIGN KEY (etudiant_id) REFERENCES public.etudiant(utilisateur_ptr_id) DEFERRABLE INITIALLY DEFERRED;


--
-- Name: recharge recharge_etudiant_id_a1e7f1d6_fk_etudiant_utilisateur_ptr_id; Type: FK CONSTRAINT; Schema: public; Owner: postgres
--

ALTER TABLE ONLY public.recharge
    ADD CONSTRAINT recharge_etudiant_id_a1e7f1d6_fk_etudiant_utilisateur_ptr_id FOREIGN KEY (etudiant_id) REFERENCES public.etudiant(utilisateur_ptr_id) DEFERRABLE INITIALLY DEFERRED;


--
-- Name: recuTicket recuTicket_transaction_id_cd981f98_fk_transaction_id; Type: FK CONSTRAINT; Schema: public; Owner: postgres
--

ALTER TABLE ONLY public."recuTicket"
    ADD CONSTRAINT "recuTicket_transaction_id_cd981f98_fk_transaction_id" FOREIGN KEY (transaction_id) REFERENCES public.transaction(id) DEFERRABLE INITIALLY DEFERRED;


--
-- Name: reservation reservation_etudiant_id_ce9e5eb8_fk_etudiant_utilisateur_ptr_id; Type: FK CONSTRAINT; Schema: public; Owner: postgres
--

ALTER TABLE ONLY public.reservation
    ADD CONSTRAINT reservation_etudiant_id_ce9e5eb8_fk_etudiant_utilisateur_ptr_id FOREIGN KEY (etudiant_id) REFERENCES public.etudiant(utilisateur_ptr_id) DEFERRABLE INITIALLY DEFERRED;


--
-- Name: reservation reservation_jour_id_830b4e75_fk_jour_id; Type: FK CONSTRAINT; Schema: public; Owner: postgres
--

ALTER TABLE ONLY public.reservation
    ADD CONSTRAINT reservation_jour_id_830b4e75_fk_jour_id FOREIGN KEY (jour_id) REFERENCES public.jour(id) DEFERRABLE INITIALLY DEFERRED;


--
-- Name: reservation reservation_periode_id_53c6d955_fk_periode_id; Type: FK CONSTRAINT; Schema: public; Owner: postgres
--

ALTER TABLE ONLY public.reservation
    ADD CONSTRAINT reservation_periode_id_53c6d955_fk_periode_id FOREIGN KEY (periode_id) REFERENCES public.periode(id) DEFERRABLE INITIALLY DEFERRED;


--
-- Name: reservation reservation_reservant_pour_id_43b6fbd6_fk_etudiant_; Type: FK CONSTRAINT; Schema: public; Owner: postgres
--

ALTER TABLE ONLY public.reservation
    ADD CONSTRAINT reservation_reservant_pour_id_43b6fbd6_fk_etudiant_ FOREIGN KEY (reservant_pour_id) REFERENCES public.etudiant(utilisateur_ptr_id) DEFERRABLE INITIALLY DEFERRED;


--
-- Name: responsableGuichet responsableGuichet_utilisateur_ptr_id_dfcef0f4_fk_utilisate; Type: FK CONSTRAINT; Schema: public; Owner: postgres
--

ALTER TABLE ONLY public."responsableGuichet"
    ADD CONSTRAINT "responsableGuichet_utilisateur_ptr_id_dfcef0f4_fk_utilisate" FOREIGN KEY (utilisateur_ptr_id) REFERENCES public.utilisateur(id) DEFERRABLE INITIALLY DEFERRED;


--
-- Name: ticket ticket_etudiant_id_df19c2a5_fk_etudiant_utilisateur_ptr_id; Type: FK CONSTRAINT; Schema: public; Owner: postgres
--

ALTER TABLE ONLY public.ticket
    ADD CONSTRAINT ticket_etudiant_id_df19c2a5_fk_etudiant_utilisateur_ptr_id FOREIGN KEY (etudiant_id) REFERENCES public.etudiant(utilisateur_ptr_id) DEFERRABLE INITIALLY DEFERRED;


--
-- Name: ticket ticket_vendeur_id_3dfc90f7_fk_vendeurTicket_utilisateur_ptr_id; Type: FK CONSTRAINT; Schema: public; Owner: postgres
--

ALTER TABLE ONLY public.ticket
    ADD CONSTRAINT "ticket_vendeur_id_3dfc90f7_fk_vendeurTicket_utilisateur_ptr_id" FOREIGN KEY (vendeur_id) REFERENCES public."vendeurTicket"(utilisateur_ptr_id) DEFERRABLE INITIALLY DEFERRED;


--
-- Name: token_blacklist_blacklistedtoken token_blacklist_blacklistedtoken_token_id_3cc7fe56_fk; Type: FK CONSTRAINT; Schema: public; Owner: postgres
--

ALTER TABLE ONLY public.token_blacklist_blacklistedtoken
    ADD CONSTRAINT token_blacklist_blacklistedtoken_token_id_3cc7fe56_fk FOREIGN KEY (token_id) REFERENCES public.token_blacklist_outstandingtoken(id) DEFERRABLE INITIALLY DEFERRED;


--
-- Name: token_blacklist_outstandingtoken token_blacklist_outs_user_id_83bc629a_fk_utilisate; Type: FK CONSTRAINT; Schema: public; Owner: postgres
--

ALTER TABLE ONLY public.token_blacklist_outstandingtoken
    ADD CONSTRAINT token_blacklist_outs_user_id_83bc629a_fk_utilisate FOREIGN KEY (user_id) REFERENCES public.utilisateur(id) DEFERRABLE INITIALLY DEFERRED;


--
-- Name: transaction transaction_paiement_id_035b710a_fk_paiement_id; Type: FK CONSTRAINT; Schema: public; Owner: postgres
--

ALTER TABLE ONLY public.transaction
    ADD CONSTRAINT transaction_paiement_id_035b710a_fk_paiement_id FOREIGN KEY (paiement_id) REFERENCES public.paiement(id) DEFERRABLE INITIALLY DEFERRED;


--
-- Name: transaction transaction_ticket_id_169cb97a_fk_ticket_id; Type: FK CONSTRAINT; Schema: public; Owner: postgres
--

ALTER TABLE ONLY public.transaction
    ADD CONSTRAINT transaction_ticket_id_169cb97a_fk_ticket_id FOREIGN KEY (ticket_id) REFERENCES public.ticket(id) DEFERRABLE INITIALLY DEFERRED;


--
-- Name: utilisateur_groups utilisateur_groups_group_id_f333a17e_fk_auth_group_id; Type: FK CONSTRAINT; Schema: public; Owner: postgres
--

ALTER TABLE ONLY public.utilisateur_groups
    ADD CONSTRAINT utilisateur_groups_group_id_f333a17e_fk_auth_group_id FOREIGN KEY (group_id) REFERENCES public.auth_group(id) DEFERRABLE INITIALLY DEFERRED;


--
-- Name: utilisateur_groups utilisateur_groups_utilisateur_id_61ea21da_fk_utilisateur_id; Type: FK CONSTRAINT; Schema: public; Owner: postgres
--

ALTER TABLE ONLY public.utilisateur_groups
    ADD CONSTRAINT utilisateur_groups_utilisateur_id_61ea21da_fk_utilisateur_id FOREIGN KEY (utilisateur_id) REFERENCES public.utilisateur(id) DEFERRABLE INITIALLY DEFERRED;


--
-- Name: utilisateur_user_permissions utilisateur_user_per_permission_id_0616051c_fk_auth_perm; Type: FK CONSTRAINT; Schema: public; Owner: postgres
--

ALTER TABLE ONLY public.utilisateur_user_permissions
    ADD CONSTRAINT utilisateur_user_per_permission_id_0616051c_fk_auth_perm FOREIGN KEY (permission_id) REFERENCES public.auth_permission(id) DEFERRABLE INITIALLY DEFERRED;


--
-- Name: utilisateur_user_permissions utilisateur_user_per_utilisateur_id_b92b88e4_fk_utilisate; Type: FK CONSTRAINT; Schema: public; Owner: postgres
--

ALTER TABLE ONLY public.utilisateur_user_permissions
    ADD CONSTRAINT utilisateur_user_per_utilisateur_id_b92b88e4_fk_utilisate FOREIGN KEY (utilisateur_id) REFERENCES public.utilisateur(id) DEFERRABLE INITIALLY DEFERRED;


--
-- Name: vendeurTicket vendeurTicket_utilisateur_ptr_id_f61d7538_fk_utilisateur_id; Type: FK CONSTRAINT; Schema: public; Owner: postgres
--

ALTER TABLE ONLY public."vendeurTicket"
    ADD CONSTRAINT "vendeurTicket_utilisateur_ptr_id_f61d7538_fk_utilisateur_id" FOREIGN KEY (utilisateur_ptr_id) REFERENCES public.utilisateur(id) DEFERRABLE INITIALLY DEFERRED;


--
-- PostgreSQL database dump complete
--

